app_name,app_id,source,review_volume,average_rating,low_rating_share,middle_rating_share,high_rating_share,average_review_char_count,median_review_char_count,average_review_word_count,short_review_share,low_signal_share,repeated_text_share,developer_reply_share,non_english_share_all_reviews,non_english_share_classified,language_undetermined_share,average_review_age_hours_at_collection,any_issue_indicator_share,issue_crash_bug_share,issue_performance_loading_share,issue_login_account_share,issue_payment_billing_share,issue_ads_share,issue_update_version_share,issue_support_service_share
DoorDash,com.dd.doordash,google_play,1975,3.101,0.442025,0.063291,0.494684,114.07,59.0,21.291,0.234937,0.168101,0.089114,0.0,0.002495,0.002495,0.188354,100.816,0.27443,0.033924,0.013165,0.032911,0.162025,0.007089,0.02481,0.077468
Duolingo,com.duolingo,google_play,2098,4.5,0.076263,0.045281,0.878456,61.697,28.0,11.73,0.396568,0.304576,0.186368,0.0,0.041785,0.041785,0.326978,37.809,0.056721,0.010963,0.00572,0.00286,0.011916,0.017636,0.013346,0.005243
Google Maps,com.google.android.apps.maps,google_play,2635,3.614,0.316129,0.056926,0.626945,84.824,24.0,15.514,0.462619,0.403036,0.266034,0.210626,0.037685,0.037685,0.436053,81.314,0.137002,0.036053,0.022391,0.004175,0.002657,0.00759,0.07666,0.007211
Instagram,com.instagram.android,google_play,6045,3.847,0.2622,0.03507,0.70273,55.742,18.0,10.265,0.525558,0.443507,0.279074,0.0,0.072235,0.072235,0.487014,30.95,0.184781,0.029942,0.008768,0.132341,0.002481,0.009595,0.022994,0.014888
Netflix,com.netflix.mediaclient,google_play,2365,3.519,0.336575,0.05074,0.612685,86.827,40.0,15.819,0.34334,0.288372,0.167865,0.0,0.026201,0.026201,0.322199,99.416,0.198309,0.040592,0.024524,0.047357,0.082452,0.02241,0.028753,0.012262
Reddit,com.reddit.frontpage,google_play,1991,2.984,0.483677,0.028629,0.487695,96.926,51.0,17.918,0.309392,0.239076,0.14214,0.0,0.003394,0.003394,0.260171,110.131,0.201406,0.033651,0.019086,0.104972,0.00452,0.030638,0.043697,0.009041
Spotify,com.spotify.music,google_play,4174,3.883,0.231433,0.065165,0.703402,77.409,34.0,14.696,0.350264,0.268328,0.166028,0.108529,0.01215,0.01215,0.290129,39.246,0.265932,0.026833,0.025635,0.011979,0.125539,0.112123,0.035458,0.00551
TikTok,com.zhiliaoapp.musically,google_play,4059,3.839,0.257699,0.056171,0.68613,57.209,20.0,10.97,0.491993,0.393447,0.217295,0.842079,0.040137,0.040137,0.423011,41.821,0.160138,0.02981,0.026115,0.070214,0.004681,0.016999,0.026854,0.012811
Uber,com.ubercab,google_play,3440,3.839,0.270058,0.028198,0.701744,70.508,21.0,13.025,0.482849,0.428198,0.328779,0.002326,0.035771,0.035771,0.455523,53.251,0.131686,0.010756,0.006105,0.009884,0.081395,0.002907,0.00436,0.043023
YouTube,com.google.android.youtube,google_play,5819,3.66,0.308816,0.046915,0.644269,54.629,15.0,10.284,0.572779,0.486166,0.278226,0.0,0.043494,0.043494,0.521911,32.507,0.167211,0.038323,0.01856,0.00928,0.020107,0.067881,0.043994,0.006874
