file_name,relative_path,exists,nonempty,size_bytes,sha256
monitoring_severity_matrix.csv,outputs/monitoring_severity_matrix.csv,True,True,1715,83708b701c0fd958fe3ab8b1d5a21b4cdc53ffdef8378158712315deef98673f
monitoring_operational_response_guide.csv,outputs/monitoring_operational_response_guide.csv,True,True,714,fa514a3feb3d35da323bcff49fec454da6e5e8c5b366e8520f81a61fcd2ab93b
monitoring_threshold_profiles.csv,outputs/monitoring_threshold_profiles.csv,True,True,393,ae835dae56fcc5b86b57f913fea37ae8480f9306b5cd272fefa5285262dcee46
monitoring_calibration_source_validation.csv,outputs/monitoring_calibration_source_validation.csv,True,True,1919,045e52d72d6577b650fdf5eee2f1590cb8422659af5a6391462db9c9ec329917
monitoring_completed_run_backtest.csv,outputs/monitoring_completed_run_backtest.csv,True,True,3273,599982b9a22cc3f5caeec820c5f6b01fa2390e1e77fafeedb5ea77ad734677a4
monitoring_completed_run_app_backtest.csv,outputs/monitoring_completed_run_app_backtest.csv,True,True,14832,802268b1b0c07a52a33bdaf20334778ad623b6a0e6f8867520bfa2afbbb2bf84
monitoring_threshold_sensitivity_summary.csv,outputs/monitoring_threshold_sensitivity_summary.csv,True,True,392,6a89afcd7d0d3dc9625c15dbb5d5f9ad4086f53c5ac7b726bc94600efd24c439
monitoring_controlled_scenario_results.csv,outputs/monitoring_controlled_scenario_results.csv,True,True,1069,f21f9a142693c6c1d20148faa5c3fe9dda55a06c4fa22dd51f4a8465bf56996c
monitoring_calibration_recommendation.csv,outputs/monitoring_calibration_recommendation.csv,True,True,517,d3de631163cda8cc0ffaa8df9e6e5e9e11831ab81a5e070a03091502bc47ddcb
monitoring_calibration_metadata.json,outputs/monitoring_calibration_metadata.json,True,True,741,24b16aa0887ffffcfa4e8578abdae642268452c495abfd6411f9b7085f922a3d
monitoring_operations_guide.md,reports/monitoring_operations_guide.md,True,True,1630,4b40632e6c9a2b87ac31a85cd2c0e665f9daabf22f6c7e9ece3a96d9c671d9a1
monitoring_threshold_calibration_report.md,reports/monitoring_threshold_calibration_report.md,True,True,2802,4d51ea9fb5d94815afb90e0920ee3d5739eeb1279de53d2983fc7d3bb9b73526
