app_name,app_id,reference_run_count,new_insert_median,new_insert_mad,low_new_insert_warning_threshold,duplicate_rate_median,duplicate_rate_mad,high_duplicate_warning_threshold,runtime_median_seconds,runtime_mad_seconds,high_runtime_warning_seconds,quality_flag_rate_median,quality_flag_rate_mad,quality_flag_rate_change_warning
DoorDash,com.dd.doordash,3,130.0,57.0,0.0,0.8916666666666667,0.04749999999999999,1.0,0.7114033699035645,0.14128804206848145,1.7114033699035645,1.1108333333333333,0.0,0.1
Duolingo,com.duolingo,3,6.0,1.0,0.0,0.995,0.0008333333333333526,1.0,0.8753254413604736,0.09814143180847168,1.8753254413604736,1.0783333333333334,0.0,0.1
Google Maps,com.google.android.apps.maps,3,231.0,47.0,90.0,0.8075,0.03916666666666668,0.925,0.7969775199890137,0.14407014846801758,1.7969775199890137,0.8083333333333333,0.0050000000000000044,0.1
Instagram,com.instagram.android,3,1199.0,1.0,599.5,0.0008333333333333334,0.0008333333333333334,0.10083333333333334,0.9213051795959473,0.09967994689941406,1.9213051795959473,1.32,0.004999999999999893,0.1
Netflix,com.netflix.mediaclient,3,146.0,23.0,73.0,0.8783333333333333,0.019166666666666665,0.9783333333333333,0.7151193618774414,0.0547032356262207,1.7151193618774414,1.2958333333333334,0.016666666666666607,0.1
Reddit,com.reddit.frontpage,3,135.0,42.0,9.0,0.8875,0.03500000000000003,0.9925,0.6803793907165527,0.008867740631103516,1.6803793907165527,1.2108333333333334,0.0008333333333334636,0.1
Spotify,com.spotify.music,3,723.0,143.0,294.0,0.3975,0.1191666666666667,0.7550000000000001,0.7441749572753906,0.002444028854370117,1.7441749572753906,1.0508333333333333,0.0024999999999999467,0.1
TikTok,com.zhiliaoapp.musically,3,636.0,14.0,318.0,0.47,0.011666666666666714,0.57,0.8356292247772217,0.1524350643157959,1.8356292247772217,0.5408333333333334,0.0,0.1
Uber,com.ubercab,3,402.0,85.0,147.0,0.665,0.0708333333333333,0.8775,0.9020369052886963,0.07892489433288574,1.9020369052886963,1.14,0.005833333333333357,0.1
YouTube,com.google.android.youtube,3,1199.0,1.0,599.5,0.0008333333333333334,0.0008333333333333334,0.10083333333333334,1.2361798286437988,0.017975568771362305,2.236179828643799,1.0258333333333334,0.004166666666666652,0.1
