run_id,app_name,app_id,health_status,status_reason,records_fetched,new_records_inserted,duplicates_skipped,duplicate_rate,runtime_seconds,quality_flag_count,quality_flag_rate,low_new_insert_warning_threshold,high_duplicate_warning_threshold,high_runtime_warning_seconds,quality_flag_rate_change_warning,error_message
phase2_cadence_runB_followup_collection_20260714_163017,DoorDash,com.dd.doordash,healthy,all app-level checks within initial thresholds,1200,25,1175,0.9791666666666666,0.9275200366973877,1332,1.11,0.0,1.0,1.7114033699035645,0.1,
phase2_cadence_runB_followup_collection_20260714_163017,Duolingo,com.duolingo,healthy,all app-level checks within initial thresholds,1200,3,1197,0.9975,0.9725360870361328,1296,1.08,0.0,1.0,1.8753254413604736,0.1,
phase2_cadence_runB_followup_collection_20260714_163017,Google Maps,com.google.android.apps.maps,healthy,all app-level checks within initial thresholds,1200,151,1049,0.8741666666666666,0.8428459167480469,981,0.8175,90.0,0.925,1.7969775199890137,0.1,
phase2_cadence_runB_followup_collection_20260714_163017,Instagram,com.instagram.android,healthy,all app-level checks within initial thresholds,1200,1196,4,0.0033333333333333335,0.8538029193878174,1589,1.3241666666666667,599.5,0.10083333333333334,1.9213051795959473,0.1,
phase2_cadence_runB_followup_collection_20260714_163017,Netflix,com.netflix.mediaclient,healthy,all app-level checks within initial thresholds,1200,152,1048,0.8733333333333333,0.8562860488891602,1491,1.2425,73.0,0.9783333333333333,1.7151193618774414,0.1,
phase2_cadence_runB_followup_collection_20260714_163017,Reddit,com.reddit.frontpage,healthy,all app-level checks within initial thresholds,1200,61,1139,0.9491666666666667,0.7391510009765625,1455,1.2125,9.0,0.9925,1.6803793907165527,0.1,
phase2_cadence_runB_followup_collection_20260714_163017,Spotify,com.spotify.music,healthy,all app-level checks within initial thresholds,1200,456,744,0.62,0.7703323364257812,1274,1.0616666666666668,294.0,0.7550000000000001,1.7441749572753906,0.1,
phase2_cadence_runB_followup_collection_20260714_163017,TikTok,com.zhiliaoapp.musically,warning,unusually high duplicate rate,1200,406,794,0.6616666666666666,0.7889065742492676,616,0.5133333333333333,318.0,0.57,1.8356292247772217,0.1,
phase2_cadence_runB_followup_collection_20260714_163017,Uber,com.ubercab,healthy,all app-level checks within initial thresholds,1200,309,891,0.7425,0.7833833694458008,1348,1.1233333333333333,147.0,0.8775,1.9020369052886963,0.1,
phase2_cadence_runB_followup_collection_20260714_163017,YouTube,com.google.android.youtube,warning,unusually high duplicate rate,1200,994,206,0.17166666666666666,1.9298231601715088,1218,1.015,599.5,0.10083333333333334,2.236179828643799,0.1,
