profile,run_id,run_label,app_name,app_id,status,status_reason
sensitive,phase2_cadence_runA_twice_daily_test_20260709_210858,phase2_cadence_runA_twice_daily_test,DoorDash,com.dd.doordash,healthy,within profile thresholds
sensitive,phase2_cadence_runA_twice_daily_test_20260709_210858,phase2_cadence_runA_twice_daily_test,Duolingo,com.duolingo,warning,unusual drop in new inserts; unusually high duplicate rate
sensitive,phase2_cadence_runA_twice_daily_test_20260709_210858,phase2_cadence_runA_twice_daily_test,Google Maps,com.google.android.apps.maps,healthy,within profile thresholds
sensitive,phase2_cadence_runA_twice_daily_test_20260709_210858,phase2_cadence_runA_twice_daily_test,Instagram,com.instagram.android,healthy,within profile thresholds
sensitive,phase2_cadence_runA_twice_daily_test_20260709_210858,phase2_cadence_runA_twice_daily_test,Netflix,com.netflix.mediaclient,healthy,within profile thresholds
sensitive,phase2_cadence_runA_twice_daily_test_20260709_210858,phase2_cadence_runA_twice_daily_test,Reddit,com.reddit.frontpage,healthy,within profile thresholds
sensitive,phase2_cadence_runA_twice_daily_test_20260709_210858,phase2_cadence_runA_twice_daily_test,Spotify,com.spotify.music,healthy,within profile thresholds
sensitive,phase2_cadence_runA_twice_daily_test_20260709_210858,phase2_cadence_runA_twice_daily_test,TikTok,com.zhiliaoapp.musically,healthy,within profile thresholds
sensitive,phase2_cadence_runA_twice_daily_test_20260709_210858,phase2_cadence_runA_twice_daily_test,Uber,com.ubercab,healthy,within profile thresholds
sensitive,phase2_cadence_runA_twice_daily_test_20260709_210858,phase2_cadence_runA_twice_daily_test,YouTube,com.google.android.youtube,healthy,within profile thresholds
initial,phase2_cadence_runA_twice_daily_test_20260709_210858,phase2_cadence_runA_twice_daily_test,DoorDash,com.dd.doordash,healthy,within profile thresholds
initial,phase2_cadence_runA_twice_daily_test_20260709_210858,phase2_cadence_runA_twice_daily_test,Duolingo,com.duolingo,healthy,within profile thresholds
initial,phase2_cadence_runA_twice_daily_test_20260709_210858,phase2_cadence_runA_twice_daily_test,Google Maps,com.google.android.apps.maps,healthy,within profile thresholds
initial,phase2_cadence_runA_twice_daily_test_20260709_210858,phase2_cadence_runA_twice_daily_test,Instagram,com.instagram.android,healthy,within profile thresholds
initial,phase2_cadence_runA_twice_daily_test_20260709_210858,phase2_cadence_runA_twice_daily_test,Netflix,com.netflix.mediaclient,healthy,within profile thresholds
initial,phase2_cadence_runA_twice_daily_test_20260709_210858,phase2_cadence_runA_twice_daily_test,Reddit,com.reddit.frontpage,healthy,within profile thresholds
initial,phase2_cadence_runA_twice_daily_test_20260709_210858,phase2_cadence_runA_twice_daily_test,Spotify,com.spotify.music,healthy,within profile thresholds
initial,phase2_cadence_runA_twice_daily_test_20260709_210858,phase2_cadence_runA_twice_daily_test,TikTok,com.zhiliaoapp.musically,healthy,within profile thresholds
initial,phase2_cadence_runA_twice_daily_test_20260709_210858,phase2_cadence_runA_twice_daily_test,Uber,com.ubercab,healthy,within profile thresholds
initial,phase2_cadence_runA_twice_daily_test_20260709_210858,phase2_cadence_runA_twice_daily_test,YouTube,com.google.android.youtube,healthy,within profile thresholds
loose,phase2_cadence_runA_twice_daily_test_20260709_210858,phase2_cadence_runA_twice_daily_test,DoorDash,com.dd.doordash,healthy,within profile thresholds
loose,phase2_cadence_runA_twice_daily_test_20260709_210858,phase2_cadence_runA_twice_daily_test,Duolingo,com.duolingo,healthy,within profile thresholds
loose,phase2_cadence_runA_twice_daily_test_20260709_210858,phase2_cadence_runA_twice_daily_test,Google Maps,com.google.android.apps.maps,healthy,within profile thresholds
loose,phase2_cadence_runA_twice_daily_test_20260709_210858,phase2_cadence_runA_twice_daily_test,Instagram,com.instagram.android,healthy,within profile thresholds
loose,phase2_cadence_runA_twice_daily_test_20260709_210858,phase2_cadence_runA_twice_daily_test,Netflix,com.netflix.mediaclient,healthy,within profile thresholds
loose,phase2_cadence_runA_twice_daily_test_20260709_210858,phase2_cadence_runA_twice_daily_test,Reddit,com.reddit.frontpage,healthy,within profile thresholds
loose,phase2_cadence_runA_twice_daily_test_20260709_210858,phase2_cadence_runA_twice_daily_test,Spotify,com.spotify.music,healthy,within profile thresholds
loose,phase2_cadence_runA_twice_daily_test_20260709_210858,phase2_cadence_runA_twice_daily_test,TikTok,com.zhiliaoapp.musically,healthy,within profile thresholds
loose,phase2_cadence_runA_twice_daily_test_20260709_210858,phase2_cadence_runA_twice_daily_test,Uber,com.ubercab,healthy,within profile thresholds
loose,phase2_cadence_runA_twice_daily_test_20260709_210858,phase2_cadence_runA_twice_daily_test,YouTube,com.google.android.youtube,healthy,within profile thresholds
sensitive,phase2_cadence_runB_first_collection_20260714_014620,phase2_cadence_runB_first_collection,DoorDash,com.dd.doordash,healthy,within profile thresholds
sensitive,phase2_cadence_runB_first_collection_20260714_014620,phase2_cadence_runB_first_collection,Duolingo,com.duolingo,healthy,within profile thresholds
sensitive,phase2_cadence_runB_first_collection_20260714_014620,phase2_cadence_runB_first_collection,Google Maps,com.google.android.apps.maps,healthy,within profile thresholds
sensitive,phase2_cadence_runB_first_collection_20260714_014620,phase2_cadence_runB_first_collection,Instagram,com.instagram.android,healthy,within profile thresholds
sensitive,phase2_cadence_runB_first_collection_20260714_014620,phase2_cadence_runB_first_collection,Netflix,com.netflix.mediaclient,warning,unexpected quality-flag change
sensitive,phase2_cadence_runB_first_collection_20260714_014620,phase2_cadence_runB_first_collection,Reddit,com.reddit.frontpage,healthy,within profile thresholds
sensitive,phase2_cadence_runB_first_collection_20260714_014620,phase2_cadence_runB_first_collection,Spotify,com.spotify.music,healthy,within profile thresholds
sensitive,phase2_cadence_runB_first_collection_20260714_014620,phase2_cadence_runB_first_collection,TikTok,com.zhiliaoapp.musically,warning,abnormal app runtime
sensitive,phase2_cadence_runB_first_collection_20260714_014620,phase2_cadence_runB_first_collection,Uber,com.ubercab,healthy,within profile thresholds
sensitive,phase2_cadence_runB_first_collection_20260714_014620,phase2_cadence_runB_first_collection,YouTube,com.google.android.youtube,warning,abnormal app runtime
initial,phase2_cadence_runB_first_collection_20260714_014620,phase2_cadence_runB_first_collection,DoorDash,com.dd.doordash,healthy,within profile thresholds
initial,phase2_cadence_runB_first_collection_20260714_014620,phase2_cadence_runB_first_collection,Duolingo,com.duolingo,healthy,within profile thresholds
initial,phase2_cadence_runB_first_collection_20260714_014620,phase2_cadence_runB_first_collection,Google Maps,com.google.android.apps.maps,healthy,within profile thresholds
initial,phase2_cadence_runB_first_collection_20260714_014620,phase2_cadence_runB_first_collection,Instagram,com.instagram.android,healthy,within profile thresholds
initial,phase2_cadence_runB_first_collection_20260714_014620,phase2_cadence_runB_first_collection,Netflix,com.netflix.mediaclient,healthy,within profile thresholds
initial,phase2_cadence_runB_first_collection_20260714_014620,phase2_cadence_runB_first_collection,Reddit,com.reddit.frontpage,healthy,within profile thresholds
initial,phase2_cadence_runB_first_collection_20260714_014620,phase2_cadence_runB_first_collection,Spotify,com.spotify.music,healthy,within profile thresholds
initial,phase2_cadence_runB_first_collection_20260714_014620,phase2_cadence_runB_first_collection,TikTok,com.zhiliaoapp.musically,healthy,within profile thresholds
initial,phase2_cadence_runB_first_collection_20260714_014620,phase2_cadence_runB_first_collection,Uber,com.ubercab,healthy,within profile thresholds
initial,phase2_cadence_runB_first_collection_20260714_014620,phase2_cadence_runB_first_collection,YouTube,com.google.android.youtube,healthy,within profile thresholds
loose,phase2_cadence_runB_first_collection_20260714_014620,phase2_cadence_runB_first_collection,DoorDash,com.dd.doordash,healthy,within profile thresholds
loose,phase2_cadence_runB_first_collection_20260714_014620,phase2_cadence_runB_first_collection,Duolingo,com.duolingo,healthy,within profile thresholds
loose,phase2_cadence_runB_first_collection_20260714_014620,phase2_cadence_runB_first_collection,Google Maps,com.google.android.apps.maps,healthy,within profile thresholds
loose,phase2_cadence_runB_first_collection_20260714_014620,phase2_cadence_runB_first_collection,Instagram,com.instagram.android,healthy,within profile thresholds
loose,phase2_cadence_runB_first_collection_20260714_014620,phase2_cadence_runB_first_collection,Netflix,com.netflix.mediaclient,healthy,within profile thresholds
loose,phase2_cadence_runB_first_collection_20260714_014620,phase2_cadence_runB_first_collection,Reddit,com.reddit.frontpage,healthy,within profile thresholds
loose,phase2_cadence_runB_first_collection_20260714_014620,phase2_cadence_runB_first_collection,Spotify,com.spotify.music,healthy,within profile thresholds
loose,phase2_cadence_runB_first_collection_20260714_014620,phase2_cadence_runB_first_collection,TikTok,com.zhiliaoapp.musically,healthy,within profile thresholds
loose,phase2_cadence_runB_first_collection_20260714_014620,phase2_cadence_runB_first_collection,Uber,com.ubercab,healthy,within profile thresholds
loose,phase2_cadence_runB_first_collection_20260714_014620,phase2_cadence_runB_first_collection,YouTube,com.google.android.youtube,healthy,within profile thresholds
sensitive,phase2_cadence_runB_followup_collection_20260714_163017,phase2_cadence_runB_followup_collection,DoorDash,com.dd.doordash,healthy,within profile thresholds
sensitive,phase2_cadence_runB_followup_collection_20260714_163017,phase2_cadence_runB_followup_collection,Duolingo,com.duolingo,healthy,within profile thresholds
sensitive,phase2_cadence_runB_followup_collection_20260714_163017,phase2_cadence_runB_followup_collection,Google Maps,com.google.android.apps.maps,healthy,within profile thresholds
sensitive,phase2_cadence_runB_followup_collection_20260714_163017,phase2_cadence_runB_followup_collection,Instagram,com.instagram.android,healthy,within profile thresholds
sensitive,phase2_cadence_runB_followup_collection_20260714_163017,phase2_cadence_runB_followup_collection,Netflix,com.netflix.mediaclient,warning,unexpected quality-flag change
sensitive,phase2_cadence_runB_followup_collection_20260714_163017,phase2_cadence_runB_followup_collection,Reddit,com.reddit.frontpage,healthy,within profile thresholds
sensitive,phase2_cadence_runB_followup_collection_20260714_163017,phase2_cadence_runB_followup_collection,Spotify,com.spotify.music,healthy,within profile thresholds
sensitive,phase2_cadence_runB_followup_collection_20260714_163017,phase2_cadence_runB_followup_collection,TikTok,com.zhiliaoapp.musically,warning,unusual drop in new inserts; unusually high duplicate rate
sensitive,phase2_cadence_runB_followup_collection_20260714_163017,phase2_cadence_runB_followup_collection,Uber,com.ubercab,healthy,within profile thresholds
sensitive,phase2_cadence_runB_followup_collection_20260714_163017,phase2_cadence_runB_followup_collection,YouTube,com.google.android.youtube,warning,unusually high duplicate rate; abnormal app runtime
initial,phase2_cadence_runB_followup_collection_20260714_163017,phase2_cadence_runB_followup_collection,DoorDash,com.dd.doordash,healthy,within profile thresholds
initial,phase2_cadence_runB_followup_collection_20260714_163017,phase2_cadence_runB_followup_collection,Duolingo,com.duolingo,healthy,within profile thresholds
initial,phase2_cadence_runB_followup_collection_20260714_163017,phase2_cadence_runB_followup_collection,Google Maps,com.google.android.apps.maps,healthy,within profile thresholds
initial,phase2_cadence_runB_followup_collection_20260714_163017,phase2_cadence_runB_followup_collection,Instagram,com.instagram.android,healthy,within profile thresholds
initial,phase2_cadence_runB_followup_collection_20260714_163017,phase2_cadence_runB_followup_collection,Netflix,com.netflix.mediaclient,healthy,within profile thresholds
initial,phase2_cadence_runB_followup_collection_20260714_163017,phase2_cadence_runB_followup_collection,Reddit,com.reddit.frontpage,healthy,within profile thresholds
initial,phase2_cadence_runB_followup_collection_20260714_163017,phase2_cadence_runB_followup_collection,Spotify,com.spotify.music,healthy,within profile thresholds
initial,phase2_cadence_runB_followup_collection_20260714_163017,phase2_cadence_runB_followup_collection,TikTok,com.zhiliaoapp.musically,warning,unusually high duplicate rate
initial,phase2_cadence_runB_followup_collection_20260714_163017,phase2_cadence_runB_followup_collection,Uber,com.ubercab,healthy,within profile thresholds
initial,phase2_cadence_runB_followup_collection_20260714_163017,phase2_cadence_runB_followup_collection,YouTube,com.google.android.youtube,warning,unusually high duplicate rate
loose,phase2_cadence_runB_followup_collection_20260714_163017,phase2_cadence_runB_followup_collection,DoorDash,com.dd.doordash,healthy,within profile thresholds
loose,phase2_cadence_runB_followup_collection_20260714_163017,phase2_cadence_runB_followup_collection,Duolingo,com.duolingo,healthy,within profile thresholds
loose,phase2_cadence_runB_followup_collection_20260714_163017,phase2_cadence_runB_followup_collection,Google Maps,com.google.android.apps.maps,healthy,within profile thresholds
loose,phase2_cadence_runB_followup_collection_20260714_163017,phase2_cadence_runB_followup_collection,Instagram,com.instagram.android,healthy,within profile thresholds
loose,phase2_cadence_runB_followup_collection_20260714_163017,phase2_cadence_runB_followup_collection,Netflix,com.netflix.mediaclient,healthy,within profile thresholds
loose,phase2_cadence_runB_followup_collection_20260714_163017,phase2_cadence_runB_followup_collection,Reddit,com.reddit.frontpage,healthy,within profile thresholds
loose,phase2_cadence_runB_followup_collection_20260714_163017,phase2_cadence_runB_followup_collection,Spotify,com.spotify.music,healthy,within profile thresholds
loose,phase2_cadence_runB_followup_collection_20260714_163017,phase2_cadence_runB_followup_collection,TikTok,com.zhiliaoapp.musically,healthy,within profile thresholds
loose,phase2_cadence_runB_followup_collection_20260714_163017,phase2_cadence_runB_followup_collection,Uber,com.ubercab,healthy,within profile thresholds
loose,phase2_cadence_runB_followup_collection_20260714_163017,phase2_cadence_runB_followup_collection,YouTube,com.google.android.youtube,healthy,within profile thresholds
