run_id,app_name,app_id,target_reviews,records_fetched,unique_reviews_in_batch,duplicate_reviews_in_batch,new_records_inserted,duplicates_skipped,runtime_seconds,min_review_date,max_review_date,missing_review_id_count,missing_content_count,empty_content_count,missing_score_count,invalid_score_count,missing_review_date_count,missing_app_version_count,missing_developer_reply_count,quality_flag_count,error_message,duplicate_rate,new_insert_rate
phase2_cadence_runB_first_collection_20260714_014620,YouTube,com.google.android.youtube,1200,1200,1200,0,1193,7,2.1506197452545166,2026-07-12T07:04:56+00:00,2026-07-13T01:56:32+00:00,0,0,0,0,0,0,31,1200,1231,,0.005833333333333334,0.9941666666666666
phase2_cadence_runB_first_collection_20260714_014620,TikTok,com.zhiliaoapp.musically,1200,1200,1200,0,1188,12,1.3251910209655762,2026-07-11T01:44:22+00:00,2026-07-13T01:54:48+00:00,0,0,0,0,0,0,422,205,627,,0.01,0.99
phase2_cadence_runB_first_collection_20260714_014620,Spotify,com.spotify.music,1200,1200,1200,0,1200,0,0.7441749572753906,2026-07-11T11:16:57+00:00,2026-07-13T01:56:37+00:00,0,0,0,0,0,0,191,1070,1261,,0.0,1.0
phase2_cadence_runB_first_collection_20260714_014620,Instagram,com.instagram.android,1200,1200,1200,0,1199,1,0.7496337890625,2026-07-12T12:23:42+00:00,2026-07-13T01:56:17+00:00,0,0,0,0,0,0,384,1200,1584,,0.0008333333333333334,0.9991666666666666
phase2_cadence_runB_first_collection_20260714_014620,Uber,com.ubercab,1200,1200,1200,0,1199,1,0.9020369052886963,2026-07-09T23:42:42+00:00,2026-07-13T01:46:36+00:00,0,0,0,0,0,0,159,1197,1356,,0.0008333333333333334,0.9991666666666666
phase2_cadence_runB_first_collection_20260714_014620,DoorDash,com.dd.doordash,1200,1200,1200,0,547,653,0.9291539192199707,2026-07-03T19:07:11+00:00,2026-07-13T01:45:26+00:00,0,0,0,0,0,0,133,1200,1333,,0.5441666666666667,0.4558333333333333
phase2_cadence_runB_first_collection_20260714_014620,Duolingo,com.duolingo,1200,1200,1200,0,5,1195,0.8753254413604736,2026-07-06T18:18:00+00:00,2026-07-12T12:05:22+00:00,0,0,0,0,0,0,94,1200,1294,,0.9958333333333333,0.004166666666666667
phase2_cadence_runB_first_collection_20260714_014620,Google Maps,com.google.android.apps.maps,1200,1200,1200,0,866,334,0.7969775199890137,2026-07-07T13:39:04+00:00,2026-07-13T01:48:56+00:00,0,0,0,0,0,0,19,964,983,,0.2783333333333333,0.7216666666666667
phase2_cadence_runB_first_collection_20260714_014620,Netflix,com.netflix.mediaclient,1200,1200,1200,0,742,458,0.9311447143554688,2026-07-05T21:06:01+00:00,2026-07-13T01:26:29+00:00,0,0,0,0,0,0,308,1200,1508,,0.38166666666666665,0.6183333333333333
phase2_cadence_runB_first_collection_20260714_014620,Reddit,com.reddit.frontpage,1200,1200,1200,0,499,701,0.6892471313476562,2026-07-03T02:21:56+00:00,2026-07-13T01:51:50+00:00,0,0,0,0,0,0,253,1200,1453,,0.5841666666666666,0.41583333333333333
