run_id,run_label,frequency_label,run_started_at,app_name,app_id,target_reviews,records_fetched,unique_reviews_in_batch,duplicate_reviews_in_batch,new_records_inserted,duplicates_skipped,duplicate_rate,new_insert_rate,runtime_seconds,min_review_date,max_review_date,quality_flag_count,error_message
phase2_day1_controlled_scale_20260708_034445,phase2_day1_controlled_scale,once_daily_baseline,2026-07-08T03:44:46.106977+00:00,DoorDash,com.dd.doordash,1200,1200,1200,0,1200,0,0.0,1.0,0.83,2026-06-28T23:28:16+00:00,2026-07-07T03:41:39+00:00,1326,
phase2_day2_daily_followup_20260708_041135,phase2_day2_daily_followup,daily_followup,2026-07-08T04:16:09.351152+00:00,DoorDash,com.dd.doordash,1200,1200,1200,0,0,1200,1.0,0.0,0.73,2026-06-28T23:28:16+00:00,2026-07-07T03:41:39+00:00,1326,
phase2_day3_controlled_repeated_run_20260709_040118,phase2_day3_controlled_repeated_run,daily_followup_controlled_baseline,2026-07-09T04:04:39.642719+00:00,DoorDash,com.dd.doordash,1200,1200,1200,0,130,1070,0.8917,0.1083,0.7114033699035645,2026-06-29T20:05:31+00:00,2026-07-08T03:59:09+00:00,1326,
phase2_cadence_runA_twice_daily_test_20260709_210858,phase2_cadence_runA_twice_daily_test,twice_daily_same_day_second_run,2026-07-09T21:14:19.095514+00:00,DoorDash,com.dd.doordash,1200,1200,1200,0,73,1127,0.9392,0.0608,0.570115327835083,2026-06-30T03:00:37+00:00,2026-07-08T21:03:08+00:00,1333,
phase2_day1_controlled_scale_20260708_034445,phase2_day1_controlled_scale,once_daily_baseline,2026-07-08T03:44:46.106977+00:00,Duolingo,com.duolingo,1200,1200,1200,0,1200,0,0.0,1.0,1.37,2026-07-06T04:53:03+00:00,2026-07-07T03:43:18+00:00,1277,
phase2_day2_daily_followup_20260708_041135,phase2_day2_daily_followup,daily_followup,2026-07-08T04:16:09.351152+00:00,Duolingo,com.duolingo,1200,1200,1200,0,28,1172,0.9767,0.0233,0.76,2026-07-06T05:42:10+00:00,2026-07-07T04:15:00+00:00,1276,
phase2_day3_controlled_repeated_run_20260709_040118,phase2_day3_controlled_repeated_run,daily_followup_controlled_baseline,2026-07-09T04:04:39.642719+00:00,Duolingo,com.duolingo,1200,1200,1200,0,856,344,0.2867,0.7133,1.305671215057373,2026-07-06T18:13:17+00:00,2026-07-08T02:31:26+00:00,1294,
phase2_cadence_runA_twice_daily_test_20260709_210858,phase2_cadence_runA_twice_daily_test,twice_daily_same_day_second_run,2026-07-09T21:14:19.095514+00:00,Duolingo,com.duolingo,1200,1200,1200,0,6,1194,0.995,0.005,0.777184009552002,2026-07-06T18:18:00+00:00,2026-07-08T15:57:17+00:00,1294,
phase2_day1_controlled_scale_20260708_034445,phase2_day1_controlled_scale,once_daily_baseline,2026-07-08T03:44:46.106977+00:00,Google Maps,com.google.android.apps.maps,1200,1200,1200,0,1200,0,0.0,1.0,0.85,2026-06-30T02:30:54+00:00,2026-07-07T03:30:28+00:00,965,
phase2_day2_daily_followup_20260708_041135,phase2_day2_daily_followup,daily_followup,2026-07-08T04:16:09.351152+00:00,Google Maps,com.google.android.apps.maps,1200,1200,1200,0,3,1197,0.9975,0.0025,0.87,2026-06-30T03:12:23+00:00,2026-07-07T04:05:23+00:00,965,
phase2_day3_controlled_repeated_run_20260709_040118,phase2_day3_controlled_repeated_run,daily_followup_controlled_baseline,2026-07-09T04:04:39.642719+00:00,Google Maps,com.google.android.apps.maps,1200,1200,1200,0,231,969,0.8075,0.1925,1.4141576290130615,2026-07-01T09:26:28+00:00,2026-07-08T04:04:13+00:00,970,
phase2_cadence_runA_twice_daily_test_20260709_210858,phase2_cadence_runA_twice_daily_test,twice_daily_same_day_second_run,2026-07-09T21:14:19.095514+00:00,Google Maps,com.google.android.apps.maps,1200,1200,1200,0,184,1016,0.8467,0.1533,0.6529073715209961,2026-07-02T08:11:36+00:00,2026-07-08T21:14:19+00:00,964,
phase2_day1_controlled_scale_20260708_034445,phase2_day1_controlled_scale,once_daily_baseline,2026-07-08T03:44:46.106977+00:00,Instagram,com.instagram.android,1200,1200,1200,0,1200,0,0.0,1.0,0.71,2026-07-06T13:35:02+00:00,2026-07-07T03:44:30+00:00,1577,
phase2_day2_daily_followup_20260708_041135,phase2_day2_daily_followup,daily_followup,2026-07-08T04:16:09.351152+00:00,Instagram,com.instagram.android,1200,1200,1200,0,52,1148,0.9567,0.0433,0.98,2026-07-06T14:04:28+00:00,2026-07-07T04:16:51+00:00,1584,
phase2_day3_controlled_repeated_run_20260709_040118,phase2_day3_controlled_repeated_run,daily_followup_controlled_baseline,2026-07-09T04:04:39.642719+00:00,Instagram,com.instagram.android,1200,1200,1200,0,1200,0,0.0,1.0,0.9213051795959473,2026-07-07T13:42:50+00:00,2026-07-08T04:04:39+00:00,1569,
phase2_cadence_runA_twice_daily_test_20260709_210858,phase2_cadence_runA_twice_daily_test,twice_daily_same_day_second_run,2026-07-09T21:14:19.095514+00:00,Instagram,com.instagram.android,1200,1200,1200,0,1198,2,0.0017,0.9983,1.0209851264953613,2026-07-08T11:26:23+00:00,2026-07-08T21:12:32+00:00,1590,
phase2_day1_controlled_scale_20260708_034445,phase2_day1_controlled_scale,once_daily_baseline,2026-07-08T03:44:46.106977+00:00,Netflix,com.netflix.mediaclient,1200,1200,1200,0,1200,0,0.0,1.0,0.97,2026-06-27T05:44:07+00:00,2026-07-07T03:34:36+00:00,1579,
phase2_day2_daily_followup_20260708_041135,phase2_day2_daily_followup,daily_followup,2026-07-08T04:16:09.351152+00:00,Netflix,com.netflix.mediaclient,1200,1200,1200,0,2,1198,0.9983,0.0017,0.8,2026-06-27T05:51:36+00:00,2026-07-07T04:10:52+00:00,1578,
phase2_day3_controlled_repeated_run_20260709_040118,phase2_day3_controlled_repeated_run,daily_followup_controlled_baseline,2026-07-09T04:04:39.642719+00:00,Netflix,com.netflix.mediaclient,1200,1200,1200,0,146,1054,0.8783,0.1217,0.6604161262512207,2026-06-28T07:35:13+00:00,2026-07-08T03:57:40+00:00,1575,
phase2_cadence_runA_twice_daily_test_20260709_210858,phase2_cadence_runA_twice_daily_test,twice_daily_same_day_second_run,2026-07-09T21:14:19.095514+00:00,Netflix,com.netflix.mediaclient,1200,1200,1200,0,123,1077,0.8975,0.1025,0.7151193618774414,2026-06-29T08:10:20+00:00,2026-07-08T21:01:32+00:00,1555,
phase2_day1_controlled_scale_20260708_034445,phase2_day1_controlled_scale,once_daily_baseline,2026-07-08T03:44:46.106977+00:00,Reddit,com.reddit.frontpage,1200,1200,1200,0,1200,0,0.0,1.0,0.81,2026-06-27T04:42:08+00:00,2026-07-07T03:27:55+00:00,1443,
phase2_day2_daily_followup_20260708_041135,phase2_day2_daily_followup,daily_followup,2026-07-08T04:16:09.351152+00:00,Reddit,com.reddit.frontpage,1200,1200,1200,0,3,1197,0.9975,0.0025,0.6,2026-06-27T05:16:47+00:00,2026-07-07T04:16:32+00:00,1444,
phase2_day3_controlled_repeated_run_20260709_040118,phase2_day3_controlled_repeated_run,daily_followup_controlled_baseline,2026-07-09T04:04:39.642719+00:00,Reddit,com.reddit.frontpage,1200,1200,1200,0,135,1065,0.8875,0.1125,0.6112701892852783,2026-06-28T05:46:16+00:00,2026-07-08T03:32:19+00:00,1457,
phase2_cadence_runA_twice_daily_test_20260709_210858,phase2_cadence_runA_twice_daily_test,twice_daily_same_day_second_run,2026-07-09T21:14:19.095514+00:00,Reddit,com.reddit.frontpage,1200,1200,1200,0,93,1107,0.9225,0.0775,0.6803793907165527,2026-06-29T01:46:57+00:00,2026-07-08T20:43:50+00:00,1452,
phase2_day1_controlled_scale_20260708_034445,phase2_day1_controlled_scale,once_daily_baseline,2026-07-08T03:44:46.106977+00:00,Spotify,com.spotify.music,1200,1200,1200,0,1200,0,0.0,1.0,1.34,2026-07-05T12:54:10+00:00,2026-07-07T03:44:11+00:00,1248,
phase2_day2_daily_followup_20260708_041135,phase2_day2_daily_followup,daily_followup,2026-07-08T04:16:09.351152+00:00,Spotify,com.spotify.music,1200,1200,1200,0,15,1185,0.9875,0.0125,0.71,2026-07-05T13:12:10+00:00,2026-07-07T04:15:01+00:00,1247,
phase2_day3_controlled_repeated_run_20260709_040118,phase2_day3_controlled_repeated_run,daily_followup_controlled_baseline,2026-07-09T04:04:39.642719+00:00,Spotify,com.spotify.music,1200,1200,1200,0,723,477,0.3975,0.6025,0.8083369731903076,2026-07-06T12:52:10+00:00,2026-07-08T04:04:15+00:00,1258,
phase2_cadence_runA_twice_daily_test_20260709_210858,phase2_cadence_runA_twice_daily_test,twice_daily_same_day_second_run,2026-07-09T21:14:19.095514+00:00,Spotify,com.spotify.music,1200,1200,1200,0,580,620,0.5167,0.4833,0.7417309284210205,2026-07-07T08:53:59+00:00,2026-07-08T21:14:19+00:00,1280,
phase2_day1_controlled_scale_20260708_034445,phase2_day1_controlled_scale,once_daily_baseline,2026-07-08T03:44:46.106977+00:00,TikTok,com.zhiliaoapp.musically,1200,1200,1200,0,1200,0,0.0,1.0,1.63,2026-07-05T03:11:35+00:00,2026-07-07T03:43:24+00:00,630,
phase2_day2_daily_followup_20260708_041135,phase2_day2_daily_followup,daily_followup,2026-07-08T04:16:09.351152+00:00,TikTok,com.zhiliaoapp.musically,1200,1200,1200,0,7,1193,0.9942,0.0058,0.78,2026-07-05T03:35:23+00:00,2026-07-07T04:14:30+00:00,630,
phase2_day3_controlled_repeated_run_20260709_040118,phase2_day3_controlled_repeated_run,daily_followup_controlled_baseline,2026-07-09T04:04:39.642719+00:00,TikTok,com.zhiliaoapp.musically,1200,1200,1200,0,636,564,0.47,0.53,0.8356292247772217,2026-07-06T02:30:45+00:00,2026-07-08T04:02:20+00:00,649,
phase2_cadence_runA_twice_daily_test_20260709_210858,phase2_cadence_runA_twice_daily_test,twice_daily_same_day_second_run,2026-07-09T21:14:19.095514+00:00,TikTok,com.zhiliaoapp.musically,1200,1200,1200,0,622,578,0.4817,0.5183,0.6831941604614258,2026-07-07T07:19:54+00:00,2026-07-08T21:14:15+00:00,649,
phase2_day1_controlled_scale_20260708_034445,phase2_day1_controlled_scale,once_daily_baseline,2026-07-08T03:44:46.106977+00:00,Uber,com.ubercab,1200,1200,1200,0,1200,0,0.0,1.0,0.65,2026-07-04T03:52:16+00:00,2026-07-07T03:36:18+00:00,1368,
phase2_day2_daily_followup_20260708_041135,phase2_day2_daily_followup,daily_followup,2026-07-08T04:16:09.351152+00:00,Uber,com.ubercab,1200,1200,1200,0,13,1187,0.9892,0.0108,0.63,2026-07-04T04:37:57+00:00,2026-07-07T04:16:54+00:00,1367,
phase2_day3_controlled_repeated_run_20260709_040118,phase2_day3_controlled_repeated_run,daily_followup_controlled_baseline,2026-07-09T04:04:39.642719+00:00,Uber,com.ubercab,1200,1200,1200,0,402,798,0.665,0.335,0.6994762420654297,2026-07-05T04:16:14+00:00,2026-07-08T04:02:44+00:00,1375,
phase2_cadence_runA_twice_daily_test_20260709_210858,phase2_cadence_runA_twice_daily_test,twice_daily_same_day_second_run,2026-07-09T21:14:19.095514+00:00,Uber,com.ubercab,1200,1200,1200,0,317,883,0.7358,0.2642,0.980961799621582,2026-07-05T21:38:18+00:00,2026-07-08T21:12:10+00:00,1368,
phase2_day1_controlled_scale_20260708_034445,phase2_day1_controlled_scale,once_daily_baseline,2026-07-08T03:44:46.106977+00:00,YouTube,com.google.android.youtube,1200,1200,1200,0,1200,0,0.0,1.0,1.27,2026-07-06T09:09:19+00:00,2026-07-07T03:44:48+00:00,1220,
phase2_day2_daily_followup_20260708_041135,phase2_day2_daily_followup,daily_followup,2026-07-08T04:16:09.351152+00:00,YouTube,com.google.android.youtube,1200,1200,1200,0,33,1167,0.9725,0.0275,1.02,2026-07-06T09:48:19+00:00,2026-07-07T04:14:03+00:00,1221,
phase2_day3_controlled_repeated_run_20260709_040118,phase2_day3_controlled_repeated_run,daily_followup_controlled_baseline,2026-07-09T04:04:39.642719+00:00,YouTube,com.google.android.youtube,1200,1200,1200,0,1200,0,0.0,1.0,1.2361798286437988,2026-07-07T10:26:19+00:00,2026-07-08T04:03:49+00:00,1223,
phase2_cadence_runA_twice_daily_test_20260709_210858,phase2_cadence_runA_twice_daily_test,twice_daily_same_day_second_run,2026-07-09T21:14:19.095514+00:00,YouTube,com.google.android.youtube,1200,1200,1200,0,1199,1,0.0008,0.9992,1.2182042598724365,2026-07-08T10:17:11+00:00,2026-07-08T21:13:22+00:00,1236,
