app_name,app_id,expected_new_inserts,audited_new_inserts,posted_between_runs_count,older_reviews_surfaced_later_count,timestamp_after_fetch_count,missing_or_unusable_timestamp_count,posted_between_runs_rate,older_surfaced_rate,new_insert_timestamp_min,new_insert_timestamp_max,posted_between_runs_timestamp_min,posted_between_runs_timestamp_max,classification_total
YouTube,com.google.android.youtube,1193,1193,1193,0,0,0,1.0,0.0,2026-07-12T07:04:56+00:00,2026-07-13T01:56:32+00:00,2026-07-12T07:04:56+00:00,2026-07-13T01:56:32+00:00,1193
TikTok,com.zhiliaoapp.musically,1188,1188,1188,0,0,0,1.0,0.0,2026-07-11T01:44:22+00:00,2026-07-13T01:54:48+00:00,2026-07-11T01:44:22+00:00,2026-07-13T01:54:48+00:00,1188
Spotify,com.spotify.music,1200,1200,1200,0,0,0,1.0,0.0,2026-07-11T11:16:57+00:00,2026-07-13T01:56:37+00:00,2026-07-11T11:16:57+00:00,2026-07-13T01:56:37+00:00,1200
Instagram,com.instagram.android,1199,1199,1199,0,0,0,1.0,0.0,2026-07-12T12:23:42+00:00,2026-07-13T01:56:17+00:00,2026-07-12T12:23:42+00:00,2026-07-13T01:56:17+00:00,1199
Uber,com.ubercab,1199,1199,1199,0,0,0,1.0,0.0,2026-07-09T23:42:42+00:00,2026-07-13T01:46:36+00:00,2026-07-09T23:42:42+00:00,2026-07-13T01:46:36+00:00,1199
DoorDash,com.dd.doordash,547,547,432,115,0,0,0.7897623400365631,0.21023765996343693,2026-07-08T21:24:56+00:00,2026-07-13T01:45:26+00:00,2026-07-09T21:27:08+00:00,2026-07-13T01:45:26+00:00,547
Duolingo,com.duolingo,5,5,3,2,0,0,0.6,0.4,2026-07-09T05:42:40+00:00,2026-07-12T12:05:22+00:00,2026-07-11T13:51:38+00:00,2026-07-12T12:05:22+00:00,5
Google Maps,com.google.android.apps.maps,866,866,653,213,0,0,0.754041570438799,0.24595842956120093,2026-07-08T21:16:36+00:00,2026-07-13T01:48:56+00:00,2026-07-09T21:23:33+00:00,2026-07-13T01:48:56+00:00,866
Netflix,com.netflix.mediaclient,742,742,576,166,0,0,0.7762803234501348,0.22371967654986524,2026-07-08T21:24:28+00:00,2026-07-13T01:26:29+00:00,2026-07-09T21:21:39+00:00,2026-07-13T01:26:29+00:00,742
Reddit,com.reddit.frontpage,499,499,372,127,0,0,0.7454909819639278,0.2545090180360721,2026-07-08T21:18:41+00:00,2026-07-13T01:51:50+00:00,2026-07-09T21:17:07+00:00,2026-07-13T01:51:50+00:00,499
