app_name,app_id,expected_new_inserts,audited_new_inserts,previous_fetched_at,current_fetched_at,collection_interval_hours,posted_between_collections_count,older_reviews_surfaced_later_count,timestamp_after_fetch_count,missing_or_unusable_timestamp_count,new_insert_timestamp_min,new_insert_timestamp_max,posted_between_timestamp_min,posted_between_timestamp_max,classification_total,posted_between_collections_rate,older_surfaced_rate
YouTube,com.google.android.youtube,1199,1199,2026-07-09T04:04:54.998644+00:00,2026-07-09T21:14:35.116668+00:00,17.161143895555558,0,1199,0,0,2026-07-08T10:17:11+00:00,2026-07-08T21:13:22+00:00,,,1199,0.0,1.0
TikTok,com.zhiliaoapp.musically,622,622,2026-07-09T04:04:58.240590+00:00,2026-07-09T21:14:38.342700+00:00,17.161139475,0,622,0,0,2026-07-08T04:08:06+00:00,2026-07-08T21:14:15+00:00,,,622,0.0,1.0
Spotify,com.spotify.music,580,580,2026-07-09T04:05:01.081677+00:00,2026-07-09T21:14:41.032808+00:00,17.16109753638889,0,580,0,0,2026-07-08T04:06:13+00:00,2026-07-08T21:14:19+00:00,,,580,0.0,1.0
Instagram,com.instagram.android,1198,1198,2026-07-09T04:05:03.895816+00:00,2026-07-09T21:14:43.782074+00:00,17.161079516111112,0,1198,0,0,2026-07-08T11:26:23+00:00,2026-07-08T21:12:32+00:00,,,1198,0.0,1.0
Uber,com.ubercab,317,317,2026-07-09T04:05:06.825330+00:00,2026-07-09T21:14:46.809432+00:00,17.161106695,0,317,0,0,2026-07-08T04:09:18+00:00,2026-07-08T21:12:10+00:00,,,317,0.0,1.0
DoorDash,com.dd.doordash,73,73,2026-07-09T04:05:09.537068+00:00,2026-07-09T21:14:49.802383+00:00,17.161184809722222,0,73,0,0,2026-07-08T04:54:25+00:00,2026-07-08T21:03:08+00:00,,,73,0.0,1.0
Duolingo,com.duolingo,6,6,2026-07-09T04:05:12.253563+00:00,2026-07-09T21:14:52.380290+00:00,17.161146313055557,0,6,0,0,2026-07-08T04:17:19+00:00,2026-07-08T15:57:17+00:00,,,6,0.0,1.0
Google Maps,com.google.android.apps.maps,184,184,2026-07-09T04:05:15.564699+00:00,2026-07-09T21:14:55.165041+00:00,17.161000095,0,184,0,0,2026-07-04T15:23:42+00:00,2026-07-08T21:14:19+00:00,,,184,0.0,1.0
Netflix,com.netflix.mediaclient,123,123,2026-07-09T04:05:18.984606+00:00,2026-07-09T21:14:57.828674+00:00,17.16079001888889,0,123,0,0,2026-07-08T04:08:00+00:00,2026-07-08T21:01:32+00:00,,,123,0.0,1.0
Reddit,com.reddit.frontpage,93,93,2026-07-09T04:05:21.650566+00:00,2026-07-09T21:15:00.550939+00:00,17.160805659166666,0,93,0,0,2026-07-08T04:15:59+00:00,2026-07-08T20:43:50+00:00,,,93,0.0,1.0
