app_name,app_id,expected_new_inserts,audited_new_inserts,previous_fetched_at,current_fetched_at,collection_interval_hours,posted_between_collections_count,older_reviews_surfaced_later_count,timestamp_after_fetch_count,missing_or_unusable_timestamp_count,posted_between_collections_rate,older_surfaced_rate,new_insert_timestamp_min,new_insert_timestamp_max,posted_between_timestamp_min,posted_between_timestamp_max,classification_total
YouTube,com.google.android.youtube,994,994,2026-07-14T01:56:37.779729+00:00,2026-07-14T16:36:31.000320+00:00,14.664783497499998,0,994,0,0,0.0,1.0,2026-07-13T01:59:02+00:00,2026-07-13T16:35:07+00:00,,,994
TikTok,com.zhiliaoapp.musically,406,406,2026-07-14T01:56:42.049396+00:00,2026-07-14T16:36:35.028756+00:00,14.664716488888889,0,406,0,0,0.0,1.0,2026-07-13T01:59:51+00:00,2026-07-13T16:34:23+00:00,,,406
Spotify,com.spotify.music,456,456,2026-07-14T01:56:45.466435+00:00,2026-07-14T16:36:37.862502+00:00,14.664554463055556,0,456,0,0,0.0,1.0,2026-07-13T01:56:51+00:00,2026-07-13T16:35:05+00:00,,,456
Instagram,com.instagram.android,1196,1196,2026-07-14T01:56:48.271551+00:00,2026-07-14T16:36:40.693143+00:00,14.664561553333334,0,1196,0,0,0.0,1.0,2026-07-13T08:02:32+00:00,2026-07-13T16:36:13+00:00,,,1196
Uber,com.ubercab,309,309,2026-07-14T01:56:51.086121+00:00,2026-07-14T16:36:43.617047+00:00,14.664591923888889,0,309,0,0,0.0,1.0,2026-07-13T02:01:50+00:00,2026-07-13T16:34:04+00:00,,,309
DoorDash,com.dd.doordash,25,25,2026-07-14T01:56:54.049406+00:00,2026-07-14T16:36:46.455557+00:00,14.664557264166667,0,25,0,0,0.0,1.0,2026-07-13T01:58:41+00:00,2026-07-13T16:32:29+00:00,,,25
Duolingo,com.duolingo,3,3,2026-07-14T01:56:57.030308+00:00,2026-07-14T16:36:49.425230+00:00,14.664554145,0,3,0,0,0.0,1.0,2026-07-13T08:45:54+00:00,2026-07-13T16:07:35+00:00,,,3
Google Maps,com.google.android.apps.maps,151,151,2026-07-14T01:56:59.944051+00:00,2026-07-14T16:36:52.434501+00:00,14.664580680555554,0,151,0,0,0.0,1.0,2026-07-13T02:06:35+00:00,2026-07-13T16:34:26+00:00,,,151
Netflix,com.netflix.mediaclient,152,152,2026-07-14T01:57:02.795277+00:00,2026-07-14T16:36:55.322483+00:00,14.664590890555555,0,152,0,0,0.0,1.0,2026-07-13T01:58:20+00:00,2026-07-13T16:31:09+00:00,,,152
Reddit,com.reddit.frontpage,61,61,2026-07-14T01:57:05.791189+00:00,2026-07-14T16:36:58.231573+00:00,14.664566773333334,0,61,0,0,0.0,1.0,2026-07-13T02:03:14+00:00,2026-07-13T16:32:15+00:00,,,61
