table_name,cid,name,type,notnull,dflt_value,pk
phase2_reviews_raw,0,review_key,TEXT,0,,1
phase2_reviews_raw,1,source,TEXT,1,,0
phase2_reviews_raw,2,app_id,TEXT,1,,0
phase2_reviews_raw,3,app_name,TEXT,0,,0
phase2_reviews_raw,4,review_id,TEXT,0,,0
phase2_reviews_raw,5,user_name,TEXT,0,,0
phase2_reviews_raw,6,user_image,TEXT,0,,0
phase2_reviews_raw,7,content_raw,TEXT,0,,0
phase2_reviews_raw,8,score,INTEGER,0,,0
phase2_reviews_raw,9,thumbs_up_count,INTEGER,0,,0
phase2_reviews_raw,10,review_created_at,TEXT,0,,0
phase2_reviews_raw,11,reply_content_raw,TEXT,0,,0
phase2_reviews_raw,12,replied_at,TEXT,0,,0
phase2_reviews_raw,13,app_version,TEXT,0,,0
phase2_reviews_raw,14,fetched_at,TEXT,0,,0
phase2_reviews_raw,15,run_id,TEXT,0,,0
phase2_reviews_raw,16,raw_json,TEXT,0,,0
phase2_reviews_cleaned,0,review_key,TEXT,0,,1
phase2_reviews_cleaned,1,source,TEXT,1,,0
phase2_reviews_cleaned,2,app_id,TEXT,1,,0
phase2_reviews_cleaned,3,content_cleaned,TEXT,0,,0
phase2_reviews_cleaned,4,content_length,INTEGER,0,,0
phase2_reviews_cleaned,5,has_developer_reply,INTEGER,0,,0
phase2_reviews_cleaned,6,score,INTEGER,0,,0
phase2_reviews_cleaned,7,review_created_at,TEXT,0,,0
phase2_reviews_cleaned,8,app_version,TEXT,0,,0
phase2_reviews_cleaned,9,cleaned_at,TEXT,0,,0
phase2_reviews_cleaned,10,run_id,TEXT,0,,0
phase2_apps,0,app_id,TEXT,0,,1
phase2_apps,1,app_name,TEXT,0,,0
phase2_apps,2,source,TEXT,0,,0
phase2_apps,3,language,TEXT,0,,0
phase2_apps,4,country,TEXT,0,,0
phase2_apps,5,title_from_store,TEXT,0,,0
phase2_apps,6,score_from_store,REAL,0,,0
phase2_apps,7,ratings_from_store,INTEGER,0,,0
phase2_apps,8,installs_from_store,TEXT,0,,0
phase2_apps,9,last_validated_at,TEXT,0,,0
phase2_apps,10,last_validation_status,TEXT,0,,0
phase2_apps,11,last_validation_error,TEXT,0,,0
phase2_ingestion_runs,0,run_id,TEXT,0,,1
phase2_ingestion_runs,1,run_label,TEXT,0,,0
phase2_ingestion_runs,2,phase,TEXT,0,,0
phase2_ingestion_runs,3,frequency_label,TEXT,0,,0
phase2_ingestion_runs,4,source,TEXT,0,,0
phase2_ingestion_runs,5,language,TEXT,0,,0
phase2_ingestion_runs,6,country,TEXT,0,,0
phase2_ingestion_runs,7,target_reviews_per_app,INTEGER,0,,0
phase2_ingestion_runs,8,app_count,INTEGER,0,,0
phase2_ingestion_runs,9,apps_included,TEXT,0,,0
phase2_ingestion_runs,10,run_started_at,TEXT,0,,0
phase2_ingestion_runs,11,run_finished_at,TEXT,0,,0
phase2_ingestion_runs,12,runtime_seconds,REAL,0,,0
phase2_ingestion_runs,13,status,TEXT,0,,0
phase2_ingestion_runs,14,records_fetched_total,INTEGER,0,0,0
phase2_ingestion_runs,15,new_records_inserted_total,INTEGER,0,0,0
phase2_ingestion_runs,16,duplicates_skipped_total,INTEGER,0,0,0
phase2_ingestion_runs,17,errors_total,INTEGER,0,0,0
phase2_ingestion_runs,18,apps_failed,TEXT,0,,0
phase2_ingestion_runs,19,quality_flag_total,INTEGER,0,0,0
phase2_ingestion_runs,20,quality_flags_inserted,INTEGER,0,0,0
phase2_ingestion_runs,21,db_size_before_mb,REAL,0,,0
phase2_ingestion_runs,22,db_size_after_mb,REAL,0,,0
phase2_ingestion_runs,23,db_size_growth_mb,REAL,0,,0
phase2_ingestion_runs,24,review_rows_before,INTEGER,0,,0
phase2_ingestion_runs,25,review_rows_after,INTEGER,0,,0
phase2_ingestion_runs,26,review_rows_growth,INTEGER,0,,0
phase2_ingestion_runs,27,notes,TEXT,0,,0
phase2_app_run_summary,0,run_id,TEXT,0,,1
phase2_app_run_summary,1,app_name,TEXT,0,,0
phase2_app_run_summary,2,app_id,TEXT,0,,2
phase2_app_run_summary,3,target_reviews,INTEGER,0,,0
phase2_app_run_summary,4,records_fetched,INTEGER,0,,0
phase2_app_run_summary,5,unique_reviews_in_batch,INTEGER,0,,0
phase2_app_run_summary,6,duplicate_reviews_in_batch,INTEGER,0,,0
phase2_app_run_summary,7,new_records_inserted,INTEGER,0,,0
phase2_app_run_summary,8,duplicates_skipped,INTEGER,0,,0
phase2_app_run_summary,9,runtime_seconds,REAL,0,,0
phase2_app_run_summary,10,min_review_date,TEXT,0,,0
phase2_app_run_summary,11,max_review_date,TEXT,0,,0
phase2_app_run_summary,12,missing_review_id_count,INTEGER,0,,0
phase2_app_run_summary,13,missing_content_count,INTEGER,0,,0
phase2_app_run_summary,14,empty_content_count,INTEGER,0,,0
phase2_app_run_summary,15,missing_score_count,INTEGER,0,,0
phase2_app_run_summary,16,invalid_score_count,INTEGER,0,,0
phase2_app_run_summary,17,missing_review_date_count,INTEGER,0,,0
phase2_app_run_summary,18,missing_app_version_count,INTEGER,0,,0
phase2_app_run_summary,19,missing_developer_reply_count,INTEGER,0,,0
phase2_app_run_summary,20,quality_flag_count,INTEGER,0,,0
phase2_app_run_summary,21,error_message,TEXT,0,,0
phase2_quality_flags,0,flag_id,TEXT,0,,1
phase2_quality_flags,1,review_key,TEXT,0,,0
phase2_quality_flags,2,run_id,TEXT,0,,0
phase2_quality_flags,3,app_id,TEXT,0,,0
phase2_quality_flags,4,flag_name,TEXT,0,,0
phase2_quality_flags,5,flag_severity,TEXT,0,,0
phase2_quality_flags,6,flag_value,TEXT,0,,0
phase2_quality_flags,7,created_at,TEXT,0,,0
