app_name,app_id,previous_window_latest_review_at,previous_fetched_at,current_fetched_at,collection_interval_hours,followup_window_latest_review_at,new_insert_timestamp_max,previous_window_latest_review_at_parsed,previous_fetched_at_parsed,followup_window_latest_review_at_parsed,current_fetched_at_parsed,new_insert_timestamp_max_parsed,previous_source_lag_hours,followup_source_lag_hours,returned_window_advance_hours,window_advance_minus_interval_hours,source_lag_change_hours,followup_latest_is_new_insert
YouTube,com.google.android.youtube,2026-07-13T01:56:32+00:00,2026-07-14T01:56:37.779729+00:00,2026-07-14T16:36:31.000320+00:00,14.664783497499998,2026-07-13T16:35:07+00:00,2026-07-13T16:35:07+00:00,2026-07-13 01:56:32+00:00,2026-07-14 01:56:37.779729+00:00,2026-07-13 16:35:07+00:00,2026-07-14 16:36:31.000320+00:00,2026-07-13 16:35:07+00:00,24.001605480277778,24.023333422222223,14.643055555555556,-0.02172794194444272,0.021727941944444495,True
TikTok,com.zhiliaoapp.musically,2026-07-13T01:54:48+00:00,2026-07-14T01:56:42.049396+00:00,2026-07-14T16:36:35.028756+00:00,14.664716488888889,2026-07-13T16:34:23+00:00,2026-07-13T16:34:23+00:00,2026-07-13 01:54:48+00:00,2026-07-14 01:56:42.049396+00:00,2026-07-13 16:34:23+00:00,2026-07-14 16:36:35.028756+00:00,2026-07-13 16:34:23+00:00,24.03168038777778,24.036674654444443,14.659722222222221,-0.004994266666667357,0.004994266666663805,True
Spotify,com.spotify.music,2026-07-13T01:56:37+00:00,2026-07-14T01:56:45.466435+00:00,2026-07-14T16:36:37.862502+00:00,14.664554463055556,2026-07-13T16:35:05+00:00,2026-07-13T16:35:05+00:00,2026-07-13 01:56:37+00:00,2026-07-14 01:56:45.466435+00:00,2026-07-13 16:35:05+00:00,2026-07-14 16:36:37.862502+00:00,2026-07-13 16:35:05+00:00,24.0023517875,24.025795139444444,14.641111111111112,-0.02344335194444369,0.02344335194444369,True
Instagram,com.instagram.android,2026-07-13T01:56:17+00:00,2026-07-14T01:56:48.271551+00:00,2026-07-14T16:36:40.693143+00:00,14.664561553333334,2026-07-13T16:36:13+00:00,2026-07-13T16:36:13+00:00,2026-07-13 01:56:17+00:00,2026-07-14 01:56:48.271551+00:00,2026-07-13 16:36:13+00:00,2026-07-14 16:36:40.693143+00:00,2026-07-13 16:36:13+00:00,24.008686541944442,24.00769253972222,14.665555555555555,0.0009940022222210132,-0.0009940022222210132,True
Uber,com.ubercab,2026-07-13T01:46:36+00:00,2026-07-14T01:56:51.086121+00:00,2026-07-14T16:36:43.617047+00:00,14.664591923888889,2026-07-13T16:34:04+00:00,2026-07-13T16:34:04+00:00,2026-07-13 01:46:36+00:00,2026-07-14 01:56:51.086121+00:00,2026-07-13 16:34:04+00:00,2026-07-14 16:36:43.617047+00:00,2026-07-13 16:34:04+00:00,24.170857255833333,24.044338068611115,14.79111111111111,0.12651918722222177,-0.12651918722221822,True
DoorDash,com.dd.doordash,2026-07-13T01:45:26+00:00,2026-07-14T01:56:54.049406+00:00,2026-07-14T16:36:46.455557+00:00,14.664557264166667,2026-07-13T16:32:29+00:00,2026-07-13T16:32:29+00:00,2026-07-13 01:45:26+00:00,2026-07-14 01:56:54.049406+00:00,2026-07-13 16:32:29+00:00,2026-07-14 16:36:46.455557+00:00,2026-07-13 16:32:29+00:00,24.191124835,24.0715154325,14.784166666666666,0.1196094024999983,-0.11960940250000007,True
Duolingo,com.duolingo,2026-07-12T12:05:22+00:00,2026-07-14T01:56:57.030308+00:00,2026-07-14T16:36:49.425230+00:00,14.664554145,2026-07-13T16:07:35+00:00,2026-07-13T16:07:35+00:00,2026-07-12 12:05:22+00:00,2026-07-14 01:56:57.030308+00:00,2026-07-13 16:07:35+00:00,2026-07-14 16:36:49.425230+00:00,2026-07-13 16:07:35+00:00,37.859730641111106,24.487340341666666,28.036944444444444,13.372390299444444,-13.37239029944444,True
Google Maps,com.google.android.apps.maps,2026-07-13T01:48:56+00:00,2026-07-14T01:56:59.944051+00:00,2026-07-14T16:36:52.434501+00:00,14.664580680555554,2026-07-13T16:34:26+00:00,2026-07-13T16:34:26+00:00,2026-07-13 01:48:56+00:00,2026-07-14 01:56:59.944051+00:00,2026-07-13 16:34:26+00:00,2026-07-14 16:36:52.434501+00:00,2026-07-13 16:34:26+00:00,24.134428903055554,24.040676250277777,14.758333333333333,0.09375265277777878,-0.093752652777777,True
Netflix,com.netflix.mediaclient,2026-07-13T01:26:29+00:00,2026-07-14T01:57:02.795277+00:00,2026-07-14T16:36:55.322483+00:00,14.664590890555555,2026-07-13T16:31:09+00:00,2026-07-13T16:31:09+00:00,2026-07-13 01:26:29+00:00,2026-07-14 01:57:02.795277+00:00,2026-07-13 16:31:09+00:00,2026-07-14 16:36:55.322483+00:00,2026-07-13 16:31:09+00:00,24.509387576944444,24.09620068972222,15.077777777777778,0.4131868872222224,-0.4131868872222242,True
Reddit,com.reddit.frontpage,2026-07-13T01:51:50+00:00,2026-07-14T01:57:05.791189+00:00,2026-07-14T16:36:58.231573+00:00,14.664566773333334,2026-07-13T16:32:15+00:00,2026-07-13T16:32:15+00:00,2026-07-13 01:51:50+00:00,2026-07-14 01:57:05.791189+00:00,2026-07-13 16:32:15+00:00,2026-07-14 16:36:58.231573+00:00,2026-07-13 16:32:15+00:00,24.08771977472222,24.078675436944444,14.67361111111111,0.00904433777777669,-0.00904433777777669,True
