run_id,app_name,app_id,target_reviews,records_fetched,unique_reviews_in_batch,duplicate_reviews_in_batch,new_records_inserted,duplicates_skipped,runtime_seconds,min_review_date,max_review_date,missing_review_id_count,missing_content_count,empty_content_count,missing_score_count,invalid_score_count,missing_review_date_count,missing_app_version_count,missing_developer_reply_count,quality_flag_count,quality_flags_inserted,previous_fetched_at,current_fetched_at,collection_interval_hours,error_message,new_insert_rate,duplicate_rate
phase2_cadence_runB_followup_collection_20260714_163017,YouTube,com.google.android.youtube,1200,1200,1200,0,994,206,1.9298231601715088,2026-07-12T19:33:26+00:00,2026-07-13T16:35:07+00:00,0,0,0,0,0,0,18,1200,1218,1218,2026-07-14T01:56:37.779729+00:00,2026-07-14T16:36:31.000320+00:00,14.664783497499998,,0.8283333333333334,0.17166666666666666
phase2_cadence_runB_followup_collection_20260714_163017,TikTok,com.zhiliaoapp.musically,1200,1200,1200,0,406,794,0.7889065742492676,2026-07-11T16:43:34+00:00,2026-07-13T16:34:23+00:00,0,0,0,0,0,0,419,197,616,616,2026-07-14T01:56:42.049396+00:00,2026-07-14T16:36:35.028756+00:00,14.664716488888889,,0.3383333333333333,0.6616666666666666
phase2_cadence_runB_followup_collection_20260714_163017,Spotify,com.spotify.music,1200,1200,1200,0,456,744,0.7703323364257812,2026-07-12T02:40:14+00:00,2026-07-13T16:35:05+00:00,0,0,0,0,0,0,201,1073,1274,1274,2026-07-14T01:56:45.466435+00:00,2026-07-14T16:36:37.862502+00:00,14.664554463055556,,0.38,0.62
phase2_cadence_runB_followup_collection_20260714_163017,Instagram,com.instagram.android,1200,1200,1200,0,1196,4,0.8538029193878174,2026-07-13T08:02:32+00:00,2026-07-13T16:36:13+00:00,0,0,0,0,0,0,389,1200,1589,1589,2026-07-14T01:56:48.271551+00:00,2026-07-14T16:36:40.693143+00:00,14.664561553333334,,0.9966666666666667,0.0033333333333333335
phase2_cadence_runB_followup_collection_20260714_163017,Uber,com.ubercab,1200,1200,1200,0,309,891,0.7833833694458008,2026-07-10T16:56:33+00:00,2026-07-13T16:34:04+00:00,0,0,0,0,0,0,152,1196,1348,1348,2026-07-14T01:56:51.086121+00:00,2026-07-14T16:36:43.617047+00:00,14.664591923888889,,0.2575,0.7425
phase2_cadence_runB_followup_collection_20260714_163017,DoorDash,com.dd.doordash,1200,1200,1200,0,25,1175,0.9275200366973877,2026-07-03T21:12:32+00:00,2026-07-13T16:32:29+00:00,0,0,0,0,0,0,132,1200,1332,1332,2026-07-14T01:56:54.049406+00:00,2026-07-14T16:36:46.455557+00:00,14.664557264166667,,0.020833333333333332,0.9791666666666666
phase2_cadence_runB_followup_collection_20260714_163017,Duolingo,com.duolingo,1200,1200,1200,0,3,1197,0.9725360870361328,2026-07-06T18:18:00+00:00,2026-07-13T16:07:35+00:00,0,0,0,0,0,0,96,1200,1296,1296,2026-07-14T01:56:57.030308+00:00,2026-07-14T16:36:49.425230+00:00,14.664554145,,0.0025,0.9975
phase2_cadence_runB_followup_collection_20260714_163017,Google Maps,com.google.android.apps.maps,1200,1200,1200,0,151,1049,0.8428459167480469,2026-07-08T05:13:39+00:00,2026-07-13T16:34:26+00:00,0,0,0,0,0,0,20,961,981,981,2026-07-14T01:56:59.944051+00:00,2026-07-14T16:36:52.434501+00:00,14.664580680555554,,0.12583333333333332,0.8741666666666666
phase2_cadence_runB_followup_collection_20260714_163017,Netflix,com.netflix.mediaclient,1200,1200,1200,0,152,1048,0.8562860488891602,2026-07-06T22:18:19+00:00,2026-07-13T16:31:09+00:00,0,0,0,0,0,0,291,1200,1491,1491,2026-07-14T01:57:02.795277+00:00,2026-07-14T16:36:55.322483+00:00,14.664590890555555,,0.12666666666666668,0.8733333333333333
phase2_cadence_runB_followup_collection_20260714_163017,Reddit,com.reddit.frontpage,1200,1200,1200,0,61,1139,0.7391510009765625,2026-07-03T16:12:54+00:00,2026-07-13T16:32:15+00:00,0,0,0,0,0,0,255,1200,1455,1455,2026-07-14T01:57:05.791189+00:00,2026-07-14T16:36:58.231573+00:00,14.664566773333334,,0.050833333333333335,0.9491666666666667
