sample_type,review_key,app_name,app_id,score,rating_group,review_char_count,review_word_count,short_review_flag,low_signal_flag,duplicate_identity_flag,repeated_text_flag,language_group,non_english_flag,has_developer_reply,review_date,collection_date,review_age_hours_at_collection,issue_crash_bug_flag,issue_performance_loading_flag,issue_login_account_flag,issue_payment_billing_flag,issue_ads_flag,issue_update_version_flag,issue_support_service_flag,issue_indicator_count,content_preview
issue_example,1dbd0a653eebf065622a8b8a1e433a623074bc4c99fef15735b909906f9adee8,DoorDash,com.dd.doordash,1,low,13,2,1,1,0,0,undetermined,,0,2026-07-13,2026-07-14,24.84,0,0,0,1,0,0,0,1,roo expensive
low_signal_example,eae41fad48108f9217729447ad7d8b1315e8d0857f3d3c6fde0ee9af2f7a84da,DoorDash,com.dd.doordash,5,high,7,1,1,1,0,1,undetermined,,0,2026-07-13,2026-07-14,26.719,0,0,0,0,0,0,0,0,amazing
newest_review,5595a71d59741c1a254f87c10a2e11ab22380a7d0f570752e104cbd59ba0a688,DoorDash,com.dd.doordash,5,high,14,4,1,0,0,0,english_likely,0,0,2026-07-13,2026-07-14,24.072,0,0,0,0,0,0,0,0,I love it here
issue_example,9ce3095b6448d7a4a81909660c0b7bb37c36d163f5eaa3ceb04c943d8146d66a,Duolingo,com.duolingo,1,low,25,6,0,0,0,0,english_likely,0,0,2026-07-13,2026-07-14,25.223,0,0,0,0,1,0,0,1,go to hell with those ads
low_signal_example,bc759ac7d36b8601180ac80fd729a70da7fce659537a329b37baafb818e1c244,Duolingo,com.duolingo,5,high,8,1,1,1,0,0,undetermined,,0,2026-07-13,2026-07-14,31.849,0,0,0,0,0,0,0,0,Duolingo
newest_review,19a1b6dc412c7ef63399973b82e00999293f68454c3381aeef57391ae0ef97ca,Duolingo,com.duolingo,5,high,14,2,1,1,0,0,undetermined,,0,2026-07-13,2026-07-14,24.487,0,0,0,0,0,0,0,0,love it 😀 😍 ❤️
issue_example,b0ce21fbcab618811a93ccfbf27af07ccec7bdedd1302863efcc7ac5a987f241,Google Maps,com.google.android.apps.maps,1,low,46,8,0,0,0,0,english_likely,0,0,2026-07-13,2026-07-14,24.307,0,0,0,0,0,1,0,1,huge battery drain after the Android 17 update
low_signal_example,f27922beeca7ed530ce0e9bcc1cdbef40f96413484bf894fe1ca1604c4d06c26,Google Maps,com.google.android.apps.maps,5,high,7,1,1,1,0,0,undetermined,,0,2026-07-13,2026-07-14,24.536,0,0,0,0,0,0,0,0,super 💕
newest_review,676d375efad48e6d7e186b6cffda8060966ea8f0a0b5ad6ce06d29a173599f61,Google Maps,com.google.android.apps.maps,1,low,81,15,0,0,0,0,non_english_likely,1,0,2026-07-13,2026-07-14,24.041,0,0,0,0,0,0,0,0,بياخد وقت كبير عندي علشان يحدد المكان والمسار ياريت تخديث يحل المشكله دي oppo A78
issue_example,58679eed63212cd7efab1de5a9172cd6687f6f69977b7b84cf8d22b42e5dd5ff,Instagram,com.instagram.android,1,low,227,37,0,0,0,0,english_likely,0,0,2026-07-13,2026-07-14,24.016,0,0,1,0,0,0,0,1,"Hello Instagram Team, my account has no Community Standards violations in Account Status, but I cannot share Reels. I believe this is a mistake. Please review m"
low_signal_example,147dec1b705e703aae616ec73f386347f9722e4a59d9e503b65a3484069480c4,Instagram,com.instagram.android,5,high,4,1,1,1,0,1,undetermined,,0,2026-07-13,2026-07-14,24.022,0,0,0,0,0,0,0,0,Good
newest_review,eb5b06ef0efd6e07c9cbd9c5bf49e4477f8f882ddbefaa0eb7800833785f6926,Instagram,com.instagram.android,4,high,16,4,1,0,0,0,english_likely,0,0,2026-07-13,2026-07-14,24.008,0,0,0,0,0,0,0,0,not good not bad
issue_example,0921ee0c6e09b9d5be999b535f118ce2f4cb86f32f0607d6eebf2097d48b249f,Netflix,com.netflix.mediaclient,1,low,49,7,0,0,0,0,english_likely,0,0,2026-07-13,2026-07-14,24.699,0,0,0,1,0,0,0,1,can't play videos after buying premium membership
low_signal_example,3596730fbe3238220a60a729cbd839ce86341e709d52c7bb47f5ace2b32292ce,Netflix,com.netflix.mediaclient,5,high,9,2,1,1,0,1,undetermined,,0,2026-07-13,2026-07-14,24.684,0,0,0,0,0,0,0,0,great app
newest_review,93d80b71b6f8140f86d38e14f58b7c4717c9ecf1907d525548c6c77d3c6ca74f,Netflix,com.netflix.mediaclient,4,high,24,4,0,0,0,0,english_likely,0,0,2026-07-13,2026-07-14,24.096,0,0,0,0,0,0,0,0,This was good service 👌🏻
issue_example,5f7d640d831c560d1ee1234895ef6df267cbaaaa86e9dfd7eafc6dd32a930ebf,Reddit,com.reddit.frontpage,1,low,29,8,0,0,0,0,english_likely,0,0,2026-07-13,2026-07-14,25.887,0,0,1,0,0,0,0,1,does not let me log in at all
low_signal_example,b4f3ce3b4e5c32cbc1d3fd42bdd07ad49b3c87890e54ee6785eb916a39399098,Reddit,com.reddit.frontpage,5,high,10,1,1,1,0,0,undetermined,,0,2026-07-13,2026-07-14,24.441,0,0,0,0,0,0,0,0,hiiiyyyyyy
newest_review,325b76827779bbab1221b6d2154e33e08085f1acf9dd9ef580622c481c11cc74,Reddit,com.reddit.frontpage,4,high,152,25,0,0,0,0,english_likely,0,0,2026-07-13,2026-07-14,24.079,0,0,0,0,0,0,0,0,fun way to interact with fandoms I like. communities can get toxic and unwanted subs can randomly reappear even if you've previously blocked/muted them.
issue_example,486e7b4966200d2825c22da8c83a22d50124325f868b36535ee42573a0c9a020,Spotify,com.spotify.music,1,low,493,104,0,0,0,0,english_likely,0,0,2026-07-13,2026-07-14,24.271,0,0,0,1,0,0,0,1,I was listening to a random mix of songs and I heard one song I really really liked so I went to my phone to go and add the song to a liked playlist but it said
low_signal_example,3602b949fdf866ff115c497ebcb4853e4d9d9f1b5e9aad9bd706c9fdd871dfcd,Spotify,com.spotify.music,5,high,11,2,1,1,0,1,undetermined,,0,2026-07-13,2026-07-14,24.13,0,0,0,0,0,0,0,0,Very nice 👍
newest_review,affd7d613c834b6790f8a427910c58cf25204da12e019d7a0fbb643490154c52,Spotify,com.spotify.music,5,high,14,2,1,1,0,0,undetermined,,0,2026-07-13,2026-07-14,24.026,0,0,0,0,0,0,0,0,Nice Aap 🤍❤️‍🩹
issue_example,d4633b38693b299f3e34b6ab744cbf6af85fd3054701ee029a17c262febdc45a,TikTok,com.zhiliaoapp.musically,2,low,136,28,0,0,0,0,english_likely,0,1,2026-07-13,2026-07-14,24.095,0,1,0,0,0,0,0,1,the worst app with no extra technology and I facing beg and lag while using it but in other social media my phone work like a nasa phone
low_signal_example,1903e911cef94f8507866fcd7726a463b33124b84fbed0655a822564a8670f56,TikTok,com.zhiliaoapp.musically,5,high,11,1,1,1,0,0,undetermined,,1,2026-07-13,2026-07-14,24.066,0,0,0,0,0,0,0,0,zahidpalijo
newest_review,e58d3a161bbf40f8a9fb229d7b7b4ac4d088e88715a893923bbc3ac42aae7e8a,TikTok,com.zhiliaoapp.musically,4,high,500,96,0,0,0,0,english_likely,0,0,2026-07-13,2026-07-14,24.037,0,0,1,0,0,0,0,1,I relocated to the US a month ago and decided to open a US tiktok account to be posting my contents and join creators reward program since it's not available in
issue_example,13a7abe298fbe5b6c79aae33d3485ff01726889a2d71f99c40d2f9d01a2a4c48,Uber,com.ubercab,1,low,461,88,0,0,0,0,english_likely,0,0,2026-07-13,2026-07-14,24.109,0,0,0,1,0,0,1,2,I'd like to file a complaint with Uber. I have been disconnected THREE TIMES from customer service for something beyond my control. I now REFUSE to use Uber mov
low_signal_example,dca4d21fa626507d3ba4b0d422732cf427b75afdf35da83e53c403c803cc806f,Uber,com.ubercab,5,high,13,2,1,1,0,0,undetermined,,0,2026-07-13,2026-07-14,24.186,0,0,0,0,0,0,0,0,sweet ride 😊😁
newest_review,1c0d591673b161bdec1b710a30ec2696bfe10695fb4dcd62196ae19bc757fd20,Uber,com.ubercab,1,low,67,9,0,0,0,0,english_likely,0,0,2026-07-13,2026-07-14,24.044,0,0,0,0,0,0,1,1,"they really overcharge people sometimes, and customer service sucks"
issue_example,eed0d269d9372aa7de6cedccff69b5b0678541d601c2eb923e947df53bfa1822,YouTube,com.google.android.youtube,1,low,14,2,1,1,0,1,undetermined,,0,2026-07-13,2026-07-14,24.023,0,0,0,0,0,1,0,1,update problem
low_signal_example,555b9918833a91d5f8a3ea2c61adcbda34ea342aa64ca7491b7fe0d13aef4639,YouTube,com.google.android.youtube,5,high,4,1,1,1,0,1,undetermined,,0,2026-07-13,2026-07-14,24.027,0,0,0,0,0,0,0,0,Good
newest_review,87143cec60583a177689e044071564248f0d49879652ba49368ce951fb37a44e,YouTube,com.google.android.youtube,5,high,5,1,1,1,0,1,undetermined,,0,2026-07-13,2026-07-14,24.023,0,0,0,0,0,0,0,0,Great
