app_name,review_count,negative_count,neutral_count,positive_count,negative_share,neutral_share,positive_share
DoorDash,1975,873,125,977,0.4420253164556962,0.06329113924050633,0.49468354430379746
Duolingo,2098,160,95,1843,0.07626310772163966,0.04528122020972355,0.8784556720686368
Google Maps,2635,833,150,1652,0.3161290322580645,0.056925996204933584,0.6269449715370019
Instagram,6045,1585,212,4248,0.26220016542597185,0.03507030603804798,0.7027295285359801
Netflix,2365,796,120,1449,0.33657505285412265,0.0507399577167019,0.6126849894291755
Reddit,1991,963,57,971,0.4836765444500251,0.02862882973380211,0.4876946258161728
Spotify,4174,966,272,2936,0.23143267848586488,0.06516530905606133,0.7034020124580738
TikTok,4059,1046,228,2785,0.25769894062576987,0.05617147080561715,0.686129588568613
Uber,3440,929,97,2414,0.2700581395348837,0.02819767441860465,0.7017441860465117
YouTube,5819,1797,273,3749,0.3088159477573466,0.046915277539096065,0.6442687747035574
