sample_id,review_key,app_name,score,weak_sentiment_label,model_text,tfidf_only_prediction,full_feature_prediction,tfidf_only_correct,full_feature_correct,review_id,content_cleaned,rating_group,error_direction,sample_layer,manual_text_category,rating_consistency,john_primary_category,annotation_rationale
EA001,58ad97526be83acb6a03d842485361093702e4653eaf12792e37dfa7456ce856,DoorDash,2,negative,overpriced,neutral,neutral,False,False,7c89db85-fd65-4246-9ffd-decc6c6a4a92,overpriced,low,negative_to_neutral,core_balanced,negative,consistent,negative,Direct price complaint
EA002,8cd14ebb8eec1fa4aecb2fc8d7a3899d958cc06fe651c667cbbbf7a290b304d7,DoorDash,1,negative,Not compatible with my Moto g 14,neutral,neutral,False,False,53ad065f-ddf6-478c-8561-efee66a96da1,Not compatible with my Moto g 14,low,negative_to_neutral,core_balanced,negative,consistent,negative,Compatibility failure
EA003,be7806392a88103571f1772cd296fca33a116dc389cd9168802e6b0f73a924f5,Duolingo,1,negative,current version is stuck on the same lesson and will not move forward. only option is to repeat?,positive,neutral,False,False,bf1af5d0-40e2-4de9-ab2a-bad4e1ff71fb,current version is stuck on the same lesson and will not move forward. only option is to repeat?,low,negative_to_neutral,core_balanced,negative,consistent,negative,Lesson progression failure
EA004,d122a4318af4a0190f413c6700aebc8402423e7209dc4a27f74fdfa82d305032,Duolingo,1,negative,it doesn't allow me to change language I'm tired of learning one language I want to learn more but it's nice so far,negative,neutral,True,False,96c2f430-329e-46d1-bc1a-c02ab89c5e58,it doesn't allow me to change language I'm tired of learning one language I want to learn more but it's nice so far,low,negative_to_neutral,core_balanced,mixed,partially_inconsistent,mixed,Restriction complaint plus positive caveat
EA005,19712a12103b4c5bdf9f0ec561e3d82454a315caf157b5e89efab7db966869f1,Google Maps,1,negative,google nowadays un reliable why need update every now and then,neutral,neutral,False,False,20d51cfd-45d7-4409-81e5-7361c1d187f2,google nowadays un reliable why need update every now and then,low,negative_to_neutral,core_balanced,negative,consistent,negative,Calls the service unreliable
EA006,e50755422986369c751ea6d9ffd8492e74244bb772231ade09e629116fc42544,Google Maps,2,negative,Missing ev features. Cannot specify vehicle or use features in Canada.,neutral,neutral,False,False,b6f30ad1-3122-421a-b0f2-3f24314293b5,Missing ev features. Cannot specify vehicle or use features in Canada.,low,negative_to_neutral,core_balanced,negative,consistent,negative,Missing required vehicle features
EA007,17e6f67fea2ec6c0eac6ea6b715f43fe61bddf5ec48e00ef1be198457d117023,Instagram,1,negative,now a days I can't message through it. im hating it. I started more than 5 account but 3 account suspended and in 2 account I can't message through it. 😭,neutral,neutral,False,False,9d3e92a8-1a78-41e1-b10a-8619d0edd50c,now a days I can't message through it. im hating it. I started more than 5 account but 3 account suspended and in 2 account I can't message through it. 😭,low,negative_to_neutral,core_balanced,negative,consistent,negative,Messaging failure and account suspensions
EA008,dac1ce8a1665c54df99d9ec6a5435b2532045dc56e33d6b829a9db6028abf7ff,Instagram,1,negative,Siempre problemas para las historias.,neutral,neutral,False,False,0b580acb-9807-46e6-99cc-c288d8cf1206,Siempre problemas para las historias.,low,negative_to_neutral,core_balanced,negative,consistent,negative,States recurring story problems
EA009,b06dc0ea58ab478daab54532a68f387ec8b8ac6840b7c74e4808f889b0c84421,Netflix,1,negative,The anime in netflix have different subtitle not matching with the voice of the character,neutral,neutral,False,False,47cb2de1-2b13-4aac-a684-6fcd3d82e2fa,The anime in netflix have different subtitle not matching with the voice of the character,low,negative_to_neutral,core_balanced,negative,consistent,negative,Subtitle and voice mismatch complaint
EA010,dbc7306b31c30978d7f5c8f673a625ae2cf6d01722c466ec65451f27d7c9e7de,Netflix,2,negative,most of the series and movies are not in tamil. I have to search one by one for tamil dubbed movie or series.,neutral,neutral,False,False,b0858992-7ce9-40d1-b2a2-f04dcfd5207d,most of the series and movies are not in tamil. I have to search one by one for tamil dubbed movie or series.,low,negative_to_neutral,core_balanced,negative,consistent,negative,Language availability complaint
EA011,3a6625477ec076e2921d5975f6f5fdf10e644785847e13b8eea04d12022b7783,Reddit,1,negative,get rid of the auto refresh or atleast make it optional. Its unbearable!,neutral,neutral,False,False,fedbf1e1-acf9-4406-b45d-d831e8a357c8,get rid of the auto refresh or atleast make it optional. Its unbearable!,low,negative_to_neutral,core_balanced,negative,consistent,negative,Calls auto refresh unbearable
EA012,69cbb06039f7b28f6aa792fee688339fe2f6e9a29f1e77a8dd4dcf20f631c29a,Spotify,1,negative,thiis app is good but adds is not good,neutral,neutral,False,False,9b52d88c-2f94-4a1e-b9a5-0557a8273c46,thiis app is good but adds is not good,low,negative_to_neutral,core_balanced,mixed,partially_inconsistent,mixed,Praises the app but criticizes ads
EA013,f50df0a347f7b11ca5c510c849d6fb31e7fc901905e85619d365ec809d9be244,TikTok,1,negative,some filters are not cooperating,neutral,neutral,False,False,2d771563-f311-4918-a283-846fee99e4a6,some filters are not cooperating,low,negative_to_neutral,core_balanced,negative,consistent,negative,Filters fail to work
EA014,46ae46c41a516150a65828d5cc380fc98ab3fd704e007323d98f70cbbee6de48,Uber,1,negative,I CAN'T USE THE APP TO DO ANYTHING IT'S ASKING FOR CODES I DONT HAVE,neutral,neutral,False,False,9c22b90e-af9b-4a33-9335-7abcf8649d48,I CAN'T USE THE APP TO DO ANYTHING IT'S ASKING FOR CODES I DONT HAVE,low,negative_to_neutral,core_balanced,negative,consistent,negative,App cannot be used
EA015,3153b93a6326099e2765be5fbfe256aa552c2ee5a8f5c012e3cfc76c7e380511,YouTube,1,negative,Can't find the comment section,neutral,neutral,False,False,da6e2e86-4c63-4613-a003-d0c8a23d3f70,Can't find the comment section,low,negative_to_neutral,core_balanced,negative,consistent,negative,Missing comment section
EA016,c763f9cd81b333690dfd9b8f7e7902376692440177c752802c012db20ebdc987,DoorDash,2,negative,payment process was crazy lagging,positive,positive,False,False,b911c3df-350f-4a64-a70a-e7875e36f4fd,payment process was crazy lagging,low,negative_to_positive,core_balanced,negative,consistent,negative,Payment process lag
EA017,fa941428060166c03af674f22b35abc676101719d81ae647e7188c671fd51165,DoorDash,1,negative,why bother to order ahead,positive,positive,False,False,a31747be-178c-48ed-8757-e738bec935c5,why bother to order ahead,low,negative_to_positive,core_balanced,negative,consistent,negative,Questions the value of ordering ahead
EA018,57623ba59a9667a92bdd725792edbe9afffc0201c46ba4d262217bb58c8c7043,Duolingo,1,negative,كان ديولينجو في الاول جيدا لكنه مأخرا أصبح يسعى للمال فقط من خلال الكم الهائل للإعلانات المزعجة أتمنى أن تقوموا بإصلاح هذا المشكل لأنكم ستخسرون الكثير من المستخدمين وشكرا,positive,positive,False,False,09cb20d6-1887-448a-934f-d756e62b5c82,كان ديولينجو في الاول جيدا لكنه مأخرا أصبح يسعى للمال فقط من خلال الكم الهائل للإعلانات المزعجة أتمنى أن تقوموا بإصلاح هذا المشكل لأنكم ستخسرون الكثير من المستخدمين وشكرا,low,negative_to_positive,core_balanced,mixed,partially_inconsistent,mixed,Earlier praise followed by ad and monetization criticism
EA019,c3fe4063282cd4ac4f63cfe0f2b25cca187bc24196f266ec59ba47c23e4aed63,Duolingo,2,negative,I don't like the mascot. the app is great for learning a new language. I enjoy using it everyday. I would give it ratingmention but I get creeped out by the icon changing all the time.,positive,positive,False,False,e9f1a2cb-5178-4398-a0e3-9fb768ca4ad3,I don't like the mascot. the app is great for learning a new language. I enjoy using it everyday. I would give it five stars but I get creeped out by the icon changing all the time.,low,negative_to_positive,core_balanced,mixed,partially_inconsistent,mixed,Strong learning praise with mascot criticism
EA020,aa5001f5d4d08d1cd18ade0254b85ccbbae2f69e10dc937cb5301895d3286a1a,Google Maps,2,negative,Good when it works but often loses connection despite having signal. Citymapper doesn't have any issues,positive,positive,False,False,1ee4422b-36bf-48a4-96a1-f5892ccc7b15,Good when it works but often loses connection despite having signal. Citymapper doesn't have any issues,low,negative_to_positive,core_balanced,mixed,partially_inconsistent,mixed,Works well sometimes but repeatedly loses connection
EA021,ca317a5c568d13c23b508e912be741047d378bc709afa18411a104b0225cf4a1,Google Maps,1,negative,Qwerty,positive,positive,False,False,554214b7-d1f7-4098-a7e5-45be5269187d,Qwerty,low,negative_to_positive,core_balanced,unclear,unclear,unclear,No interpretable opinion
EA022,3e7ac7d890cdda206292d1740f0d984bd8739737a26df2783be9d27cc12a5b18,Instagram,2,negative,Block app,positive,positive,False,False,c9bf0b64-a7f7-4bdc-b185-0e37a0440660,Block app,low,negative_to_positive,core_balanced,unclear,unclear,unclear,Too little context to identify sentiment
EA023,c9201ecdc26dc22a41e119cdf741062aca8e3b8be4f27dc14298cff264742ef1,Instagram,1,negative,"it kicks me out and I can't get in it's been days I tried restarting,leaving it alone n etc nothing works",positive,positive,False,False,5cddecc4-133d-4336-b39d-66594da26f0f,"it kicks me out and I can't get in it's been days I tried restarting,leaving it alone n etc nothing works",low,negative_to_positive,core_balanced,negative,consistent,negative,Repeated login failure
EA024,174d76d0035ba5c519e8bc0d43d057e585267d95b89b85b5da107c5a28b475c8,Netflix,1,negative,"купили права на нові сезони маші і ведмідь, позорище",positive,positive,False,False,63aa5010-77f7-476f-81e9-3195f806fc5f,"купили права на нові сезони маші і ведмідь, позорище",low,negative_to_positive,core_balanced,unclear,unclear,unclear,Non-English text not reliably interpretable by the reviewer
EA025,46064bdde106c65551c7cc49daaf81ec87608989a413efdcabe4e86d558b5815,Netflix,1,negative,s👑📀📸.GSM.GRA,positive,positive,False,False,790a2650-b8b1-4821-a204-439d7f37b99d,s👑📀📸.GSM.GRA,low,negative_to_positive,core_balanced,unclear,unclear,unclear,Symbols and fragments do not express a clear opinion
EA026,a49b6c2be13a47bf62ae147d9709eaf6877b60246562f9c92f4e43d70f36ac60,Reddit,2,negative,"it's kinda good , you can hang out with ppl here and knew there stories",positive,positive,False,False,68e47d47-3b06-4f39-8651-c59217276b7e,"it's kinda good , you can hang out with ppl here and knew there stories",low,negative_to_positive,core_balanced,positive,inconsistent,inconsistent_with_rating,Text is clearly favorable despite a low rating
EA027,e3d4fe9e719a00f6cae9e4f176c53faeaeeea254006a50285c2d0311ca67a7a0,Spotify,1,negative,we can't choose song of are wish,positive,positive,False,False,7bbc6981-f704-458c-81f7-597def205efd,we can't choose song of are wish,low,negative_to_positive,core_balanced,negative,consistent,negative,Cannot choose desired songs
EA028,8a78f01710aa693c7ed2c6f44c8e13253ce56ff1d9daa3dc50a7ffdfa0646d2f,TikTok,1,negative,😏,positive,positive,False,False,241a5f5f-55d6-431e-b1b3-f275da6f0c5e,😏,low,negative_to_positive,core_balanced,unclear,unclear,unclear,Single emoji is ambiguous
EA029,4f12c2d44f0b4486fb446ef60ee14c43bdacb4adbe3ac816648568d98cf9216e,Uber,1,negative,good,positive,positive,False,False,8edaae4d-c03f-43dd-97c9-7ae26fd45a86,good,low,negative_to_positive,core_balanced,positive,inconsistent,inconsistent_with_rating,Positive word conflicts with a one-star rating
EA030,348a59ae770dec54485b91a8a6590e5f201b02331493491352374a51e38e44b4,YouTube,1,negative,Singing happy birthday,positive,positive,False,False,4c8dc6bb-7653-4ad8-ab2b-15ed281471d9,Singing happy birthday,low,negative_to_positive,core_balanced,unclear,unclear,unclear,Statement has no clear app sentiment
EA031,40d28a357a53c393c31fc30fd3f4a26da08a19d2e58265de25cd7e5b4ae52359,DoorDash,3,neutral,"If you have a Doordash pass, you should always have the directly to you delivery option! We're paying $2.99 extra for it as well. We shouldn't have to wait while your dasher is making 2 or 3 stops driving around with your food. That's ridiculous! As a Dash Pass member you should always have directly to you automatically!",negative,negative,False,False,bab0dc04-b422-4d1a-91fe-ed76eb17e6e3,"If you have a Doordash pass, you should always have the directly to you delivery option! We're paying $2.99 extra for it as well. We shouldn't have to wait while your dasher is making 2 or 3 stops driving around with your food. That's ridiculous! As a Dash Pass member you should always have directly to you automatically!",middle,neutral_to_negative,core_balanced,negative,inconsistent,inconsistent_with_rating,Strong delivery complaint conflicts with a midpoint rating
EA032,f2aee06e82b2c6f27967caded8a7da8467c993ad46f2020a99bea50be8874cf2,DoorDash,3,neutral,"Service fees are to high. I don't order from most places because of the fees the merchant adds on. I believe they are recouping the cost of your service, being on door dash. I get it, yet they are getting customers they wouldn't ordinarily get. Im disabled. This service is fantastic when I can afford it.",negative,negative,False,False,42981795-ff59-485b-87db-caf082f86683,"Service fees are to high. I don't order from most places because of the fees the merchant adds on. I believe they are recouping the cost of your service, being on door dash. I get it, yet they are getting customers they wouldn't ordinarily get. Im disabled. This service is fantastic when I can afford it.",middle,neutral_to_negative,core_balanced,mixed,consistent,mixed,High-fee criticism plus strong service praise
EA033,6d6f6c2930953c55db63b60d568e8abdf25c621fd75c396967cd81ef67641658,Duolingo,3,neutral,I've had Duolingo for about 2 years now and a recent update has made me want to switch apps. Duo recently added an energy bar where the only way to do more than one short lesson a day is to watch ads to refill it or buy the Max subscription (which costs 9 dollars a month). There is also a refill you can get but it only pops up once an hour and it only works for five questions which isn't even a full lesson. At this point Duo just wants to get your money by making it necessary to buy Duo Max.,negative,negative,False,False,4224908e-994f-4582-b372-4447fd75a825,I've had Duolingo for about 2 years now and a recent update has made me want to switch apps. Duo recently added an energy bar where the only way to do more than one short lesson a day is to watch ads to refill it or buy the Max subscription (which costs 9 dollars a month). There is also a refill you can get but it only pops up once an hour and it only works for five questions which isn't even a full lesson. At this point Duo just wants to get your money by making it necessary to buy Duo Max.,middle,neutral_to_negative,core_balanced,negative,inconsistent,inconsistent_with_rating,Long monetization complaint is predominantly negative
EA034,82ae1d3f5cfa55bf2a19b3f6b8a6a8e571a4dc258325e5c547fc421a585da045,Duolingo,3,neutral,because it is not offline,negative,negative,False,False,ee5aff81-7e9e-4e3d-916e-8bb855ea3a5c,because it is not offline,middle,neutral_to_negative,core_balanced,negative,inconsistent,inconsistent_with_rating,Offline limitation is a direct complaint
EA035,d19644c4fb077356d21009b6fe78c5f95275aa4295ecb90a55bccfa5b4ef33c4,Google Maps,3,neutral,"Sebenarnya bagus, tapi ada saat dimana maps ini menyesatkan. contohnya : di maps, jalur yang harus dilewati itu ke kanan, tetapi maps menyuruhnya ke kiri (kita tidak bisa selalu fokus di HP karena harus menyetir, apalagi hanya 1 orang yang menyetir). jadi kami harus melewati jalur yang sama 2 kali. mohon lebih diperhatikan lagi. thanks",negative,negative,False,False,969ac233-a9b4-4d15-aa86-498745bf7795,"Sebenarnya bagus, tapi ada saat dimana maps ini menyesatkan. contohnya : di maps, jalur yang harus dilewati itu ke kanan, tetapi maps menyuruhnya ke kiri (kita tidak bisa selalu fokus di HP karena harus menyetir, apalagi hanya 1 orang yang menyetir). jadi kami harus melewati jalur yang sama 2 kali. mohon lebih diperhatikan lagi. thanks",middle,neutral_to_negative,core_balanced,mixed,consistent,mixed,Praise is followed by a navigation failure example
EA036,f17601b55fd960ad2973c3a62826e41342fd1eeb4f03cb7981b68448f9595915,Google Maps,3,neutral,Not quite there yet. Definitely lots of improvement since I've ever owned an Android smartphone. It's too bad that it doesn't run as current as Life 360.,negative,negative,False,False,eee8f25f-7364-4394-a528-1fb25b746e57,Not quite there yet. Definitely lots of improvement since I've ever owned an Android smartphone. It's too bad that it doesn't run as current as Life 360.,middle,neutral_to_negative,core_balanced,mixed,consistent,mixed,Recognizes improvement but says the app remains behind
EA037,ad274e5db03710e60b0a59c3643342daa90dca796ce4a5906d85fb3e7150f13c,Instagram,3,neutral,my Instagram account chalu kar do,negative,negative,False,False,8f8c7440-ab5f-4488-961a-ce24189f9065,my Instagram account chalu kar do,middle,neutral_to_negative,core_balanced,unclear,unclear,unclear,Request is not sufficiently clear in context
EA038,bb4440eed54f7296a07e3fd9f59173770b7b5ecbb199f24f16cb7706e7a0855d,Instagram,3,neutral,"As with FB, insta is no longer what it used to be. I rarely ever see posts from friends or people i'm interested in, and my feed is clogged with ads and 'follow' reqs. I can find some cool craft stuff, but it's basically become Pinterest with videos, and no longer a viable social platform.",negative,negative,False,False,e7714db6-753a-4b1e-9e66-3174d0522be5,"As with FB, insta is no longer what it used to be. I rarely ever see posts from friends or people i'm interested in, and my feed is clogged with ads and 'follow' reqs. I can find some cool craft stuff, but it's basically become Pinterest with videos, and no longer a viable social platform.",middle,neutral_to_negative,core_balanced,mixed,consistent,mixed,Strong decline complaint plus limited positive utility
EA039,90d924ca13a5def742fe3dad04d17dc964678eda586f9bb185c6cacf621750f3,Netflix,3,neutral,I had paid 200 rupees and I can't see the movies,positive,negative,False,False,e424fc60-b3b0-4e78-bbed-7f9e3d0a20a2,I had paid 200 rupees and I can't see the movies,middle,neutral_to_negative,core_balanced,negative,inconsistent,inconsistent_with_rating,Paid content cannot be viewed
EA040,95cea5979eceaf1ecc558e50eea128cd65fd7b1b9d04423315d66c5fc721443e,Netflix,3,neutral,too costly for me,negative,negative,False,False,d9e534ec-8dd0-419b-aae7-9cc8d3b2786c,too costly for me,middle,neutral_to_negative,core_balanced,negative,inconsistent,inconsistent_with_rating,Direct price complaint
EA041,89b19d409d65912ff8baa3a1a9d253fe8500de4f9211e485cb2fd2fb073ae4cb,Reddit,3,neutral,can't open app from pages on browser and I am not allowed to read what I find on web. make it work or cut restrictions,negative,negative,False,False,a40bd1a7-5d1b-4587-ad9d-128f6e18f91e,can't open app from pages on browser and I am not allowed to read what I find on web. make it work or cut restrictions,middle,neutral_to_negative,core_balanced,negative,inconsistent,inconsistent_with_rating,Access restrictions prevent use
EA042,5f8396c6d20dab97aaf6767a40b4499de0ce21396a7f1830a596e8285109b841,Spotify,3,neutral,It refuses to open sometimes. Even after getting a premium subscription,negative,negative,False,False,6f51023b-a8a2-42b8-b0f1-eada918cee94,It refuses to open sometimes. Even after getting a premium subscription,middle,neutral_to_negative,core_balanced,negative,inconsistent,inconsistent_with_rating,Premium app repeatedly fails to open
EA043,9311624773dffc0cf2ac155869a804ba88c4ef1bbc2c5cc1f922a7ca2ca8b8de,TikTok,3,neutral,having trouble with casting myself and friends in ai cast keeps saying my account is private or I don't have an ai image. which I do have and I don't understand why it's giving me so much of a hassle,negative,negative,False,False,ee1534f5-105d-4f27-b71f-e377a2df5743,having trouble with casting myself and friends in ai cast keeps saying my account is private or I don't have an ai image. which I do have and I don't understand why it's giving me so much of a hassle,middle,neutral_to_negative,core_balanced,negative,inconsistent,inconsistent_with_rating,Feature failure causes repeated hassle
EA044,c7b58735bb94e810df240066c027b127f48c6b42a9b749dfcfaac0260084f870,Uber,3,neutral,"it's not about the app, but about the service itself. I have been using Uber for many years, but it was the first time I ever used a scheduled ride. The driver has never arrived, and I was stuck 100km from Montreal for 2 hours, while looking for other options. Thank you very much for the butchered ending of the otherwise nice vacation, Uber.",negative,negative,False,False,f02c0686-fce9-4087-8e48-ddcf19c7d286,"it's not about the app, but about the service itself. I have been using Uber for many years, but it was the first time I ever used a scheduled ride. The driver has never arrived, and I was stuck 100km from Montreal for 2 hours, while looking for other options. Thank you very much for the butchered ending of the otherwise nice vacation, Uber.",middle,neutral_to_negative,core_balanced,negative,inconsistent,inconsistent_with_rating,Failed scheduled ride and severe service outcome
EA045,1b524beb864d4635a3acea5e8b0d44d021a8fbe824f112ec26ba9d7bd86cd44f,YouTube,3,neutral,mice app your serching tihs web,positive,negative,False,False,a2d53980-e511-4359-9f0f-579e1cb957e7,mice app your serching tihs web,middle,neutral_to_negative,core_balanced,unclear,unclear,unclear,Text is too corrupted to interpret reliably
EA046,1fa04a2302c3c0e42b74a535b17c22d0266e25d7551d094db6601d67dc6ed138,DoorDash,3,neutral,dilberatley good but subtle preciate the grand gesture overall,positive,positive,False,False,b375bb1d-0f82-4fe7-a0e1-f682e13ab88d,dilberatley good but subtle preciate the grand gesture overall,middle,neutral_to_positive,core_balanced,unclear,unclear,unclear,Wording is too incoherent for a stable sentiment judgment
EA047,355a9fe0b401cc5a1dee8c8d41b300625cfb9797f2923efbe5bba88666e508d7,DoorDash,3,neutral,if only they allowed dashers to drive without discriminating who can drive would be nice,positive,positive,False,False,eee0425e-dc3d-408a-85b0-5c92519d9162,if only they allowed dashers to drive without discriminating who can drive would be nice,middle,neutral_to_positive,core_balanced,negative,inconsistent,inconsistent_with_rating,Describes discriminatory driver eligibility
EA048,685ec57699f610fc70a7134ffea1b67caebbc9c88f8f2333c74404d11beb52a7,Duolingo,3,neutral,I am actually learning Spanish,positive,positive,False,False,33bf7a26-9e66-41b4-9858-70f44023d4a5,I am actually learning Spanish,middle,neutral_to_positive,core_balanced,positive,inconsistent,inconsistent_with_rating,Clear learning success
EA049,ab9936d134fba2d4f29daa7d8a7b6cc1c6510ea4af143af6d238dd1bdfe633db,Duolingo,3,neutral,love this app as it helped me learn many things I didn't know beforehand,positive,positive,False,False,badf0f00-b29d-487f-858d-aad8c216bb30,love this app as it helped me learn many things I didn't know beforehand,middle,neutral_to_positive,core_balanced,positive,inconsistent,inconsistent_with_rating,Explicit love and learning benefit
EA050,027e78a4cf584d6764e62543f675972d3da8d0eeb132d94f3423d204289aa717,Google Maps,3,neutral,"Google Maps is excellent for everyday navigation, but it's frustrating when driving a large motorhome. It frequently routes me down extremely narrow country lanes that are completely unsuitable for larger vehicles, even when wider, more appropriate roads are available. It would be a huge improvement if Google Maps allowed users to enter vehicle specifications such as height, width, length, and weight. The route planner could then avoid roads with width restrictions, low bridges, weight limits,",positive,positive,False,False,218dba46-4095-45df-bc19-776e7a84bc6c,"Google Maps is excellent for everyday navigation, but it's frustrating when driving a large motorhome. It frequently routes me down extremely narrow country lanes that are completely unsuitable for larger vehicles, even when wider, more appropriate roads are available. It would be a huge improvement if Google Maps allowed users to enter vehicle specifications such as height, width, length, and weight. The route planner could then avoid roads with width restrictions, low bridges, weight limits,",middle,neutral_to_positive,core_balanced,mixed,consistent,mixed,Excellent general use but serious motorhome routing problem
EA051,85c8cba2ee8bb756d7fd3f2485e07fd88e893233bb9dc887f2a67610b1480e91,Google Maps,3,neutral,good,positive,positive,False,False,8344b26d-f90f-478f-a3fc-acd74cf57246,good,middle,neutral_to_positive,core_balanced,positive,inconsistent,inconsistent_with_rating,Positive word conflicts with a midpoint rating
EA052,24ed712ed70126c741975d2374dfedbc77a371c618d9eee83fbf8ee13a24bc4c,Instagram,3,neutral,can't edit the close friends,positive,positive,False,False,7da65637-2547-48c7-98cb-de683c92c6ab,can't edit the close friends,middle,neutral_to_positive,core_balanced,negative,inconsistent,inconsistent_with_rating,Feature cannot be edited
EA053,93f909add4e5ea10040b7d052fded7564d41b39f86c47f660a01e5b66d8bd6b7,Instagram,3,neutral,good,positive,positive,False,False,609c63e4-5443-43a9-97d5-5ed59494dabf,good,middle,neutral_to_positive,core_balanced,positive,inconsistent,inconsistent_with_rating,Positive word conflicts with a midpoint rating
EA054,daffb18f2e6cc5351853222348417afa77cca9c7734477dff2aefaa9ddc19d46,Netflix,3,neutral,I love you Netflix,positive,positive,False,False,0638923b-f8a9-4929-a032-049d6a8b30f8,I love you Netflix,middle,neutral_to_positive,core_balanced,positive,inconsistent,inconsistent_with_rating,Explicit positive affection
EA055,e82848191abb63cd6df0fc668acbb98e51e9fd6d5003bbd25b826b5e899806ba,Netflix,3,neutral,good,positive,positive,False,False,52d835f9-35bc-40d5-85c1-0af50cad06d5,good,middle,neutral_to_positive,core_balanced,positive,inconsistent,inconsistent_with_rating,Positive word conflicts with a midpoint rating
EA056,b313fc4869454f1d1ca64bbf082cd7f086cbd08276caf6f6ba650e67f057634b,Reddit,3,neutral,Reddit good Tik tok bad,positive,positive,False,False,6bfa4214-95c4-4b6e-9289-eae237333aad,Reddit good Tik tok bad,middle,neutral_to_positive,core_balanced,positive,inconsistent,inconsistent_with_rating,Reddit is explicitly evaluated positively
EA057,7a74bc98209e634603bec4a33a3f48e3d72385ab43e608513131fcf499c4aa85,Spotify,3,neutral,Perfect except for ads and sometimes songs don't have lyrics,positive,positive,False,False,40eb4c44-2e39-4d27-98ea-a1a4209442fc,Perfect except for ads and sometimes songs don't have lyrics,middle,neutral_to_positive,core_balanced,mixed,consistent,mixed,Strong praise with ads and lyrics limitations
EA058,dc0dcc2f0f94dca6f850c8684082e847b864c9af39a651df4dc97b5f584c2b72,TikTok,3,neutral,It is a very good app 😊 Tik toks are amazing 😘😏🥺,positive,positive,False,False,9c289c73-64bf-49ed-ba3a-796fc7931810,It is a very good app 😊 Tik toks are amazing 😘😏🥺,middle,neutral_to_positive,core_balanced,positive,inconsistent,inconsistent_with_rating,Very good and amazing are clearly positive
EA059,8717aab168cdf7a61002e9f6bb7183e2d80fb4a63f5ef4abcccd2c33a0a22109,Uber,3,neutral,good,positive,positive,False,False,93bd246f-4451-452c-afaf-5330d6c200ef,good,middle,neutral_to_positive,core_balanced,positive,inconsistent,inconsistent_with_rating,Positive word conflicts with a midpoint rating
EA060,56c71db3f52bdd33c1b0a5d7e40d78452fb257d282fcc7972daae5f0510f3a6c,YouTube,3,neutral,good,positive,positive,False,False,11357777-7e9b-4ec9-8ccf-d154f889a250,good,middle,neutral_to_positive,core_balanced,positive,inconsistent,inconsistent_with_rating,Positive word conflicts with a midpoint rating
EA061,5636c63f1557eb86d223fca774acf4519600c21e98d93386db306890189db0c8,DoorDash,4,positive,"I hate Corporate Memphis, so only ratingmention .",negative,negative,False,False,2744d176-2aac-456e-9a5a-211b81e20043,"I hate Corporate Memphis, so only 4 stars.",high,positive_to_negative,core_balanced,negative,inconsistent,inconsistent_with_rating,Explicit dislike conflicts with a high rating
EA062,ffa25d1664a4d283a8cc95a49136f6616a58fe53c40a0838d4e0f155da84ac24,DoorDash,4,positive,"They're lovely so far. Help them with devices with better signal, please. They shouldn't need a Hotspot.",negative,negative,False,False,834be736-e51a-44a7-b774-800721c0a8c7,"They're lovely so far. Help them with devices with better signal, please. They shouldn't need a Hotspot.",high,positive_to_negative,core_balanced,positive,consistent,positive,Predominantly positive with a constructive request
EA063,b5bd99cf37391fd43937591e1b6dcc941fa754515bc42dfeda0b36645adcbc24,Duolingo,5,positive,this app is about learning a language not to score points if you truly what to learn languages se this app to master it not just to past the time and not actually learn anything since it design to teach the very basic of the language you sought to learn taught here,negative,negative,False,False,dad0cf1e-40c1-45d3-9aed-7a47b819f1ba,this app is about learning a language not to score points if you truly what to learn languages se this app to master it not just to past the time and not actually learn anything since it design to teach the very basic of the language you sought to learn taught here,high,positive_to_negative,core_balanced,neutral,inconsistent,inconsistent_with_rating,Mostly descriptive advice does not support a five-star sentiment
EA064,e8531581b1ba23e4244e29f7216fa3cee83c26dc92f8222a837381e7bf8c310e,Duolingo,5,positive,ok not that bad,negative,negative,False,False,7d09c78d-71ae-42bf-9679-b2c817691b8e,ok not that bad,high,positive_to_negative,core_balanced,neutral,inconsistent,inconsistent_with_rating,Mild wording does not support a five-star sentiment
EA065,652c24a2860b69f27a7671fa59f988ae84ed4e968cee6c51922c29e11b703ec2,Google Maps,4,positive,Useful app but frustrating. Not sure how it manages to make the latest top-of-the-game phone feel slow and clunky.,positive,negative,True,False,d6a0db45-dc8c-4841-b3d1-d9d3a1f90f38,Useful app but frustrating. Not sure how it manages to make the latest top-of-the-game phone feel slow and clunky.,high,positive_to_negative,core_balanced,mixed,partially_inconsistent,mixed,Useful but frustrating and slow
EA066,84406ff74ddceac540cb681f744f42a03d393511431b874e1894f0ccebf7768e,Google Maps,5,positive,it drives my car instead of me when i tell it,negative,negative,False,False,a5a664ac-d911-4804-ad75-912b8f14b9c7,it drives my car instead of me when i tell it,high,positive_to_negative,core_balanced,unclear,unclear,unclear,Possible joke or sarcasm cannot be resolved
EA067,43ee113680cb94095185330212cd8e2571fe1d2f085b5a66fab7def078d3e569,Instagram,5,positive,aapke suspend nahin hona chahie kaun baba suspend ho jata hai iska matlab kya hai,negative,negative,False,False,822bf21d-a518-466e-bb01-0cc154a25e64,aapke suspend nahin hona chahie kaun baba suspend ho jata hai iska matlab kya hai,high,positive_to_negative,core_balanced,negative,inconsistent,inconsistent_with_rating,Account suspension complaint conflicts with a high rating
EA068,bc41076c9227a9082580408db566d24a0ed1a2f354c578db2a9f488e596075d2,Instagram,5,positive,An unexpected error occurred itz prakash Banjara,negative,negative,False,False,723763aa-f8cd-49b2-a20f-d4cbde869751,An unexpected error occurred itz prakash Banjara,high,positive_to_negative,core_balanced,negative,inconsistent,inconsistent_with_rating,Unexpected error conflicts with a high rating
EA069,7abdf0d6388dbc13f57a230a3c3c8a2d7d497a3cfe76015be4f69635e54596f2,Netflix,5,positive,"Very confusing, then able to find necessary content to use the apps I wanted.",negative,negative,False,False,f51f752a-de8c-4e1a-96a2-0ece5fdf5134,"Very confusing, then able to find necessary content to use the apps I wanted.",high,positive_to_negative,core_balanced,mixed,partially_inconsistent,mixed,Confusion is followed by eventual success
EA070,8683c22f068f3a24baf0e1f366348395c47846022ef67d66ddcfffee55aa3307,Netflix,4,positive,only download for laila 🫡❤️,negative,negative,False,False,b8ccc53f-b80f-49d4-b36a-fe6440d530c4,only download for laila 🫡❤️,high,positive_to_negative,core_balanced,unclear,unclear,unclear,Fragment and emojis do not establish an app opinion
EA071,47011b94809679cceff69edcfa70f1f939bbb8ad9722bd371a0003ef5dcf9d91,Reddit,5,positive,weel weel my accunt got banned on my app,negative,negative,False,False,52c7c93a-b0dc-4611-a808-d3d1d56aca9e,weel weel my accunt got banned on my app,high,positive_to_negative,core_balanced,negative,inconsistent,inconsistent_with_rating,Account ban conflicts with a high rating
EA072,1d8dcb3e45a0b90b48118e23fb56d0c3a2071f14a1bd6ecd841a44152c532926,Spotify,5,positive,w company,negative,negative,False,False,62a4eff5-23c9-440c-8418-22d6a1b7a915,w company,high,positive_to_negative,core_balanced,positive,consistent,positive,Informal praise of the company
EA073,fbd0896d3685212b902c579c2bf8ad9ddba2e6cd4c093a88dbeb4a4fb6c377a3,TikTok,5,positive,slow to open,negative,negative,False,False,edbd39b6-bd63-4f3c-9ea2-56eb17c9ac57,slow to open,high,positive_to_negative,core_balanced,negative,inconsistent,inconsistent_with_rating,Slow opening conflicts with a high rating
EA074,42ad44065dcfa471c5f52e42da96c926db594809c6928b538a8c7d56f76daa9a,Uber,5,positive,"missed my mobile in this auto, the auto driver bought me back and didn't demand anything",negative,negative,False,False,aec2e4d8-e415-4f9e-84af-e1ee1f6e60fb,"missed my mobile in this auto, the auto driver bought me back and didn't demand anything",high,positive_to_negative,core_balanced,positive,consistent,positive,Driver returned a lost phone without demanding payment
EA075,d1ff4b814c5f4ccc0fb15c44402e41fabd4b9af00b39076160f5569f9af811b3,YouTube,4,positive,Yt is now converting to instagram slowly 😂,negative,negative,False,False,34cad3f3-e43a-4dc0-b1cd-717b3a79d81b,Yt is now converting to instagram slowly 😂,high,positive_to_negative,core_balanced,unclear,unclear,unclear,Comparison and emoji leave the stance ambiguous
EA076,2cd8af402bc4580be32dceaa92b97426a182154fd92de0e7f9d5fd45084ef937,DoorDash,4,positive,Good unless you get the wrong order. Customer service not very helpful. Other than that delivery has been great!,neutral,neutral,False,False,f779d57c-6286-4caa-b5ea-c93e695bf4fe,Good unless you get the wrong order. Customer service not very helpful. Other than that delivery has been great!,high,positive_to_neutral,core_balanced,mixed,partially_inconsistent,mixed,Good delivery overall but wrong orders and poor support
EA077,4e849297d45e05e1fcd6744761275428e9aaf26f956ae3e6ce4765ce83571691,DoorDash,5,positive,came clutch appreciate yall delivery drivers,neutral,neutral,False,False,92eff463-427b-437b-bb3e-062f28bc7330,came clutch appreciate yall delivery drivers,high,positive_to_neutral,core_balanced,positive,consistent,positive,Direct appreciation of delivery drivers
EA078,050dcf83f55bd09d451eabaa26ce078a9a7d35106237db4c9394022e2e5e9983,Duolingo,4,positive,really good for me! being able to learn multiple languages with being able to learn other things one being chess is also really cool! does take pretty long to master some languages and there are probably more apps to learn languages and more but the multiple characters keeps me from getting distracted and when you are doing multiple languages (at least for me) you only have to do one to keep your streak I would say more but im running out of space:(,neutral,neutral,False,False,91ec19c0-b990-4f3f-8632-273bbafb9159,really good for me! being able to learn multiple languages with being able to learn other things one being chess is also really cool! does take pretty long to master some languages and there are probably more apps to learn languages and more but the multiple characters keeps me from getting distracted and when you are doing multiple languages (at least for me) you only have to do one to keep your streak I would say more but im running out of space:(,high,positive_to_neutral,core_balanced,positive,consistent,positive,Predominantly detailed praise with minor caveats
EA079,628fdd482ec0fa01850d32b2b333691c42c98c8e6673b699dd28199557dbeb5d,Duolingo,5,positive,Slow but good.. 👍,neutral,neutral,False,False,9d655095-43d4-4e8a-b900-309ebf57a607,Slow but good.. 👍,high,positive_to_neutral,core_balanced,mixed,partially_inconsistent,mixed,Explicit slow but good contrast
EA080,437c4666d602f5e2d7c624f5660d65ed0e9eb25946af669339c55d4fdc07905d,Google Maps,5,positive,"This app has helped me to navigate around accidents, construction, road conditions, even weather, fog, flooded lanes, and ice. I check before I venture out. I'm not a fan of highways, I like the choice of using alternate routes. The audio voice is a major plus I do not have to look at my phone to check the route. Should the need arise I need to look at route, yes I pull over. Do not look down at the phone, a seconds glance could just end a life .",neutral,neutral,False,False,580f85e0-f698-41d9-97a5-b001cb69e21a,"This app has helped me to navigate around accidents, construction, road conditions, even weather, fog, flooded lanes, and ice. I check before I venture out. I'm not a fan of highways, I like the choice of using alternate routes. The audio voice is a major plus I do not have to look at my phone to check the route. Should the need arise I need to look at route, yes I pull over. Do not look down at the phone, a seconds glance could just end a life .",high,positive_to_neutral,core_balanced,positive,consistent,positive,Detailed praise of navigation and safety features
EA081,a1456f9d452652d7a937e268c646e8c0e1eaa716906025466135eb9b5185ae06,Google Maps,4,positive,Ublosee to Buzz l,neutral,neutral,False,False,7566a186-a7f9-4eef-8459-bc9c4a0caabe,Ublosee to Buzz l,high,positive_to_neutral,core_balanced,unclear,unclear,unclear,Text is not interpretable
EA082,75999bdc067a8ba999b14eaddf92a309caa205d54fbc72559cff3c599bd0ecd1,Instagram,5,positive,really relatable content is on Instagram,neutral,neutral,False,False,1bb4ce4c-5aa3-49ac-ba10-4e0fb522c28d,really relatable content is on Instagram,high,positive_to_neutral,core_balanced,positive,consistent,positive,Positive value from relatable content
EA083,fe050def6f8118c9aef048b0b86f2fdf8489cb830254a734f2c4afee6a16a1f2,Instagram,5,positive,Have some other story i cannot see 🥺,neutral,neutral,False,False,b3ef793b-bb28-473f-8f8f-47b4b6e75dfe,Have some other story i cannot see 🥺,high,positive_to_neutral,core_balanced,negative,inconsistent,inconsistent_with_rating,Unable to view stories despite a five-star rating
EA084,94c6e06e88086d8c4eb7f14822f908a38b9f01537e3c879368ec52a492327d10,Netflix,5,positive,"Works well. I don't watch movies often on my phone, but this is good for when I have a flight",neutral,neutral,False,False,082bef54-08aa-45f2-a2ab-e3bf00fb2329,"Works well. I don't watch movies often on my phone, but this is good for when I have a flight",high,positive_to_neutral,core_balanced,positive,consistent,positive,Works well and is useful during flights
EA085,cc8c46386a61b38894221b368ceeaa7a1bde37d9f9d9aef7b5bf5fbd3b71a253,Netflix,4,positive,closer to the true stories of laura ingalls,neutral,neutral,False,False,2e9b27ca-63db-4978-97bb-7ac14818dc6f,closer to the true stories of laura ingalls,high,positive_to_neutral,core_balanced,positive,consistent,positive,Favorable assessment of story accuracy
EA086,0656e0abf6d132b239dc35d0341c724066b3e0048d9f34877e3ce036a51b391e,Reddit,4,positive,will you please give us a once off chance to change usernames,neutral,neutral,False,False,52b2b859-5809-40ec-a483-78345f92452a,will you please give us a once off chance to change usernames,high,positive_to_neutral,core_balanced,neutral,inconsistent,inconsistent_with_rating,Feature request alone does not support a high-rating sentiment
EA087,20787733fbc236a0daddcab3d464f754311205c951db67b22c23d7e1cd8e4a7e,Spotify,4,positive,i will give ratingmention but why we cant forward the song,neutral,neutral,False,False,cbf594c9-f468-419d-ab32-44d3df6e6c00,i will give 5 star but why we cant forward the song,high,positive_to_neutral,core_balanced,mixed,partially_inconsistent,mixed,Would give five stars but identifies a missing control
EA088,91eaa581632e6b0a83fa088c91576689123cf97610264baf004aedf633ecef5d,TikTok,5,positive,My experience has to do with more intelligent and hard workers to be employed by this media to improve your service.,neutral,neutral,False,False,d1e911d2-991b-4b6a-abfb-9fe1330b61d8,My experience has to do with more intelligent and hard workers to be employed by this media to improve your service.,high,positive_to_neutral,core_balanced,negative,inconsistent,inconsistent_with_rating,Calls for better staff and service improvement
EA089,d38f957e9dbf471c8b076d41c9752582de5dd93bbe3991c2f6fb0ae776b2f64f,Uber,5,positive,so far so good just gotta be there,neutral,neutral,False,False,28af3504-c2ea-49be-a9f2-8fb7f895da86,so far so good just gotta be there,high,positive_to_neutral,core_balanced,positive,consistent,positive,Explicit so far so good evaluation
EA090,0fdb3c0da799f1840a30c4582562d94eeb0e47d75ff41175254378fcb3d102ea,YouTube,5,positive,all are knows 😀😉,neutral,neutral,False,False,7c0fb04b-d2f4-48a4-9fff-6dca642eb81e,all are knows 😀😉,high,positive_to_neutral,core_balanced,unclear,unclear,unclear,Fragment does not convey a stable opinion
EA091,b3fd0e8dcdb2807ea85af9236843594e090257f96e915c67ea6b55b60ced16a2,DoorDash,3,neutral,the food what we ordered is coming back to us is cold and taking 45 min to get our food,negative,negative,False,False,25106388-e208-4fa5-8acf-938f799b4304,the food what we ordered is coming back to us is cold and taking 45 min to get our food,middle,neutral_to_negative,neutral_oversample,negative,inconsistent,inconsistent_with_rating,Cold food and long delay are clearly negative
EA092,1d61f17327e44352503d8691146d5d79427644de6eb24cd713be6404b9c5ee84,Duolingo,3,neutral,Its okay but i hate that you have to use the energy its annoying And im not paying money cause i cant barely pay the for snacks :(,negative,negative,False,False,a6f83d9a-578b-447f-b5e5-61c39b9b1be1,Its okay but i hate that you have to use the energy its annoying And im not paying money cause i cant barely pay the for snacks :(,middle,neutral_to_negative,neutral_oversample,mixed,consistent,mixed,Okay overall but strong energy and payment criticism
EA093,3d51935bfae35a8d1548792764c5b4367c262aab993e1dd0b42481f60721c1ae,Duolingo,3,neutral,Always ask money for help me,neutral,negative,True,False,c9d4f30d-e28a-4a72-bf0e-c0a79a986c9a,Always ask money for help me,middle,neutral_to_negative,neutral_oversample,negative,inconsistent,inconsistent_with_rating,Complains that the app always asks for money
EA094,a536bc864d4a60090b2a0e725d62a20c727a5296a53af54d168619be2a484650,Google Maps,3,neutral,"It's impossible to use maps with one hand - you can't zoom in/out, it's so stupid to ignore this fact. Look at any other map application",negative,negative,False,False,1cb5089c-2dae-4510-8cd4-c765cf3709ba,"It's impossible to use maps with one hand - you can't zoom in/out, it's so stupid to ignore this fact. Look at any other map application",middle,neutral_to_negative,neutral_oversample,negative,inconsistent,inconsistent_with_rating,Calls one-handed use impossible and stupid
EA095,d71fa5d831937b505673d5f248a3b55665d72b9a8a9521fe7652f9f1e73a054e,Google Maps,3,neutral,The problem I have with this app is that it often doesn't label the street or highway it wants to take me on I zoom in I zoom out and I can't figure out what the name of the road is,negative,negative,False,False,151193c3-0243-4f43-aa1d-b5dce52c86c3,The problem I have with this app is that it often doesn't label the street or highway it wants to take me on I zoom in I zoom out and I can't figure out what the name of the road is,middle,neutral_to_negative,neutral_oversample,negative,inconsistent,inconsistent_with_rating,Navigation omits needed road labels
EA096,8deb8298c6574a1a50c26835f838db4e1ea6023bcf6c377479469270c6a4b8e8,Instagram,3,neutral,मेरा ईडी स्पेंट हो रहा है क्यों,negative,negative,False,False,06b52082-6507-4092-8b98-9a7780dc1f13,मेरा ईडी स्पेंट हो रहा है क्यों,middle,neutral_to_negative,neutral_oversample,negative,inconsistent,inconsistent_with_rating,Account suspension complaint
EA097,8e02a5adb84c78b6b2aec59d957d55318aa13775e9c3c7e2430a853ec8c48db7,Instagram,3,neutral,500.00 8-6 is not a today.Lucie of 66but grade,negative,negative,False,False,8c65d1e8-56fa-4eae-aeae-ba293c048794,500.00 8-6 is not a today.Lucie of 66but grade,middle,neutral_to_negative,neutral_oversample,unclear,unclear,unclear,Text is not interpretable
EA098,ebc7659c05b6497595a271e0cdd0f71b1075b5eac647300d95a454f16513b9ef,Netflix,3,neutral,"I was looking for a series and couldn't find it. the name is ""Paquita la del barrio "". tried to see it but couldn't find it. could you please re load it?",positive,negative,False,False,15096de2-0a26-440c-b070-afccaa31d566,"I was looking for a series and couldn't find it. the name is ""Paquita la del barrio "". tried to see it but couldn't find it. could you please re load it?",middle,neutral_to_negative,neutral_oversample,negative,inconsistent,inconsistent_with_rating,Desired series cannot be found
EA099,f27763a2a104a4c5ba2f338eb6c4e5ead154d7af70f4c6bd8bd21d530844664d,Netflix,3,neutral,Best streaming app as far as usability and functionality. But Forced pop-up ads even with a premium account.,negative,negative,False,False,74f085c4-4313-4294-8702-29d53ea379a1,Best streaming app as far as usability and functionality. But Forced pop-up ads even with a premium account.,middle,neutral_to_negative,neutral_oversample,mixed,consistent,mixed,Best usability claim plus premium ad complaint
EA100,3831ade298f5c63e2888e2759c6a90826765de4a16e58a017b9489382efcf1c1,Reddit,3,neutral,unauthorized deletion of my decade old account without any explanation.but I still want to use it...sad,negative,negative,False,False,d80bb6b8-aeff-4de5-92a1-4b9517f8ded7,unauthorized deletion of my decade old account without any explanation.but I still want to use it...sad,middle,neutral_to_negative,neutral_oversample,mixed,consistent,mixed,Account deletion criticism plus desire to keep using the app
EA101,5b95fda2453119a1a01de303c2b575d3d49f2107c7b15ccfcada8fc0b76684d4,Reddit,3,neutral,"If youre looking for something you cant find on a search engine its pretty good... otherwise dont attempt to step out of polite societal norms. I had been using the app for nearly 3 years, their policy is you get banned 2 times and the third is permanent, Im permanently banned. The timing only fits if you don't belive they use bots ans algorithms, they don't ban original posters and rarely ban groups that don't fit polite societal norms. so most of their description is a facade.",negative,negative,False,False,901f0b76-1afc-4d37-8054-b9c15077ec81,"If youre looking for something you cant find on a search engine its pretty good... otherwise dont attempt to step out of polite societal norms. I had been using the app for nearly 3 years, their policy is you get banned 2 times and the third is permanent, Im permanently banned. The timing only fits if you don't belive they use bots ans algorithms, they don't ban original posters and rarely ban groups that don't fit polite societal norms. so most of their description is a facade.",middle,neutral_to_negative,neutral_oversample,mixed,consistent,mixed,Search value praise plus extensive policy criticism
EA102,edef5806c9d54e106edb31c733f25b7b3eede8eeb85e7c0f349c39770bdb160d,Spotify,3,neutral,"Lots of bugs lately.. I have been using Spotify and paying for it for years but the last few months, it has been just slow and full of errors, WiFi or 5G, same. Desperately in need of a proper update UPDATE : 3 months later, still the same.. Always with the error 'Sorry, something went wrong', I cannot even add a song to my Liked Songs anymore. Thinking of cancelling my subscription. any news on an update please?",negative,negative,False,False,66c8b31d-90ec-46c6-aa48-4f1a3c87c92b,"Lots of bugs lately.. I have been using Spotify and paying for it for years but the last few months, it has been just slow and full of errors, WiFi or 5G, same. Desperately in need of a proper update UPDATE : 3 months later, still the same.. Always with the error 'Sorry, something went wrong', I cannot even add a song to my Liked Songs anymore. Thinking of cancelling my subscription. any news on an update please?",middle,neutral_to_negative,neutral_oversample,negative,inconsistent,inconsistent_with_rating,Repeated bugs and errors lead toward cancellation
EA103,5f7fef4eeac69e313a9a4ce206516dff3d66be7c6c3219db5963b83f65c1766c,TikTok,3,neutral,why is taking too long to open,negative,negative,False,False,69a5b857-d1dd-4caa-b25a-1c727787226a,why is taking too long to open,middle,neutral_to_negative,neutral_oversample,negative,inconsistent,inconsistent_with_rating,Slow opening complaint
EA104,a6c24fa046a1ffb77a2f865208248f9e9e63b41086dea4aa29512d72f9e80859,Uber,3,neutral,"manu times I need to cancel my rides due to long waiting, sometimes riders accept the rides at a pace and other times I need to suffer",negative,negative,False,False,182a32d8-90c2-46cb-9564-c585543108cf,"manu times I need to cancel my rides due to long waiting, sometimes riders accept the rides at a pace and other times I need to suffer",middle,neutral_to_negative,neutral_oversample,negative,inconsistent,inconsistent_with_rating,Long waits repeatedly force cancellations
EA105,1572142802edc6138ead126396325d4221e4c0c5dde29b942af3cf917ec1aa32,YouTube,3,neutral,I would rate lower because of the update that got ride of the dislike on shorts and they changed the like on the shorts to a heart but I won't rate it lower because I use this app alot,negative,negative,False,False,ec27f8c0-208c-4228-a0a1-9a15f64dc07c,I would rate lower because of the update that got ride of the dislike on shorts and they changed the like on the shorts to a heart but I won't rate it lower because I use this app alot,middle,neutral_to_negative,neutral_oversample,mixed,consistent,mixed,Dislikes the update but values frequent use
EA106,5586682b1211903185c528e489812af2d5af7a5e750b06703ddd6176c1cf7212,DoorDash,3,neutral,"Most of the time, it's good! More time the dinner gets carried sideways, no dinnerware, no napkin.",positive,positive,False,False,3ad85254-8bfd-4b48-aee7-f0e5cebf1919,"Most of the time, it's good! More time the dinner gets carried sideways, no dinnerware, no napkin.",middle,neutral_to_positive,neutral_oversample,mixed,consistent,mixed,Usually good but repeated delivery-quality problems
EA107,7ffd5dee77f549d655f584fd1fcbb375f71284eec7b7a96a72329cc0f26b4ee3,DoorDash,3,neutral,"wish they vetted a little hard when hiring drivers but, a good opportunity for those with felonies etc.",positive,positive,False,False,d242b84a-3260-4ba8-a70b-17afeff46b11,"wish they vetted a little hard when hiring drivers but, a good opportunity for those with felonies etc.",middle,neutral_to_positive,neutral_oversample,mixed,consistent,mixed,Driver vetting criticism plus employment opportunity benefit
EA108,84cd4a21e46c008bfb7e430841635774dd0bf6c0a323f1626843a53e0bb18171,Duolingo,3,neutral,Good English speaking app,positive,positive,False,False,6f3866c9-9ba9-454d-98de-68f07e208bb9,Good English speaking app,middle,neutral_to_positive,neutral_oversample,positive,inconsistent,inconsistent_with_rating,Explicitly calls the app good
EA109,bedb73bea7f241768d3196c2d5791e65ebe356c4445cb7ce066cec491b12d14d,Duolingo,3,neutral,good,positive,positive,False,False,7e66967d-f433-438e-b73c-4747f243ae5a,good,middle,neutral_to_positive,neutral_oversample,positive,inconsistent,inconsistent_with_rating,Positive word conflicts with a midpoint rating
EA110,5e71e408db173254109af4320ea68105e8e1703cc4f60033d853843a1e755f3a,Google Maps,3,neutral,काही कामचै नाही पण छोट्या गोष्टींमध्ये बदल घडवून आणले पाहिजेत,positive,positive,False,False,2e0d7eee-9de0-4970-849c-4f65169452c0,काही कामचै नाही पण छोट्या गोष्टींमध्ये बदल घडवून आणले पाहिजेत,middle,neutral_to_positive,neutral_oversample,unclear,unclear,unclear,Non-English text not reliably interpretable by the reviewer
EA111,951bc0a2c4066beb3b3b1ec11982341bf77ee63d722c8251e2a453346c78a47f,Google Maps,3,neutral,good,positive,positive,False,False,b8aa8cd1-f65d-4263-8689-1589aa7d83e1,good,middle,neutral_to_positive,neutral_oversample,positive,inconsistent,inconsistent_with_rating,Positive word conflicts with a midpoint rating
EA112,9a8d4b4c59a5e3fa821482f364a9e60850db141fc2f883077261aad19135fb8b,Instagram,3,neutral,instagram is very good aap and so nice too use,positive,positive,False,False,e5289da5-8240-4209-88d0-23793e2c6dcf,instagram is very good aap and so nice too use,middle,neutral_to_positive,neutral_oversample,positive,inconsistent,inconsistent_with_rating,Explicit very good and nice evaluation
EA113,bb42148d307fa1e0b3764042d16c8b354110f647458756b9e0987ff591803aba,Instagram,3,neutral,Earlier we were able to find the location and stories uploaded but now the feature is not available please update.,positive,positive,False,False,aef1448a-631a-463d-b7ab-451b0b01904f,Earlier we were able to find the location and stories uploaded but now the feature is not available please update.,middle,neutral_to_positive,neutral_oversample,negative,inconsistent,inconsistent_with_rating,Removed location feature prompts a repair request
EA114,5d5d9d43ef5b82fded73e0d5e3b79ad071c8bf35f5ea580c8232e435fc967118,Netflix,3,neutral,Good,positive,positive,False,False,9793d68d-8fdc-447d-ae7a-b290490c1435,Good,middle,neutral_to_positive,neutral_oversample,positive,inconsistent,inconsistent_with_rating,Positive word conflicts with a midpoint rating
EA115,cabf92b073f9d0ec59a06dcca0b8c5274be9304535fd2ad99d366a888cc6a1e8,Netflix,3,neutral,good,positive,positive,False,False,4618ca5f-6d3d-41d5-88fd-e9724ea356b0,good,middle,neutral_to_positive,neutral_oversample,positive,inconsistent,inconsistent_with_rating,Positive word conflicts with a midpoint rating
EA116,5f57f0bad717352ed65cdecae6ab3dd61ba8aa39fed60014a3342735b2412881,Reddit,3,neutral,Good,positive,positive,False,False,349155fd-bb20-4200-8893-69da279d1eb4,Good,middle,neutral_to_positive,neutral_oversample,positive,inconsistent,inconsistent_with_rating,Positive word conflicts with a midpoint rating
EA117,68078cad3531d36ab88d4ec65fd6cfddcbb57b24c726913a1038e6e8510b1898,Spotify,3,neutral,this app is so good 😊,positive,positive,False,False,f56e9c65-3ba7-4883-a979-ed91e69b13f5,this app is so good 😊,middle,neutral_to_positive,neutral_oversample,positive,inconsistent,inconsistent_with_rating,Explicitly calls the app very good
EA118,7c532163246459fcc040e2f2283c91261d671564cebede084c13caee6195ea09,TikTok,3,neutral,c.oolo,positive,positive,False,False,46709596-5017-4a62-8aee-3add85ec12dd,c.oolo,middle,neutral_to_positive,neutral_oversample,unclear,unclear,unclear,Fragment is not reliably interpretable
EA119,7abff3fd3f4d37c3583838f38249dae89132911cf9eb71240341f676e40535b1,Uber,3,neutral,good,positive,positive,False,False,59494c13-e2de-44b8-90ae-56a46e67ce44,good,middle,neutral_to_positive,neutral_oversample,positive,inconsistent,inconsistent_with_rating,Positive word conflicts with a midpoint rating
EA120,6302566ad64a78304cd4bdaca7b1235cb089b1042558ed1f13cdf17a00085d78,YouTube,3,neutral,Nataka kutumia kwa kudanlodi nyimbo,positive,positive,False,False,5670d8be-3c0c-4571-b2af-57be3da6cb69,Nataka kutumia kwa kudanlodi nyimbo,middle,neutral_to_positive,neutral_oversample,unclear,unclear,unclear,Non-English request is not reliably interpretable by the reviewer
