app_name,source_review_id,rating,thumbs_up_count,review_created_at,app_version,first_seen_run_id,last_seen_run_id,raw_text,cleaned_text,raw_text_hash,cleaned_text_hash
Spotify,c87e872e-b1aa-4751-a0d4-5629e8f772e9,5,0,2026-07-02T00:57:56+00:00,9.1.60.1970,run5_day2_20260703_043957,run5_day2_20260703_043957,panalo,panalo,ef863efb9bb11dd89ee85828f448d4193e8b7a39f32565817b343b411853f187,ef863efb9bb11dd89ee85828f448d4193e8b7a39f32565817b343b411853f187
Spotify,10e18028-02bc-47f0-86e4-be8bf0d082d7,4,0,2026-07-02T01:01:28+00:00,,run5_day2_20260703_043957,run5_day2_20260703_043957,Works great,Works great,aeeccbe41f90e57c13cebd44ab7e08608191b30f4e4d7a8fd1b608c384f4dde3,aeeccbe41f90e57c13cebd44ab7e08608191b30f4e4d7a8fd1b608c384f4dde3
Spotify,d83dacbd-49db-4d30-909b-de01b56cf0e6,4,0,2026-07-02T01:02:27+00:00,9.1.60.1970,run5_day2_20260703_043957,run5_day2_20260703_043957,genial 😁,genial 😁,d22c132524e0a0f2df7225e257c032fdcff56f2d7369df4e28f8a4ba77e1d94f,d22c132524e0a0f2df7225e257c032fdcff56f2d7369df4e28f8a4ba77e1d94f
Spotify,2fc426b1-1d1b-4ace-8224-f98d3b20853b,5,0,2026-07-02T01:06:59+00:00,9.1.60.1970,run5_day2_20260703_043957,run5_day2_20260703_043957,I really love this app and its great songs its one of the best apps!,I really love this app and its great songs its one of the best apps!,b313c07620e5d25a5b5f0f2a02ea709a0b5c755c01433006069757d9ff2f2936,b313c07620e5d25a5b5f0f2a02ea709a0b5c755c01433006069757d9ff2f2936
Spotify,37b3deb2-3957-4e25-b424-f3e5aba1395b,4,0,2026-07-02T01:08:37+00:00,9.1.60.1970,run5_day2_20260703_043957,run5_day2_20260703_043957,the Best App to Listen to songs But Make premium free Plz,the Best App to Listen to songs But Make premium free Plz,36a04dd9280bf36f0e24670148c2b0615a554fabb81cf390e86c107257e397e2,36a04dd9280bf36f0e24670148c2b0615a554fabb81cf390e86c107257e397e2
Spotify,fe6f7734-4f28-4f55-90fe-0969f740b185,4,0,2026-07-02T01:08:47+00:00,9.1.60.1970,run5_day2_20260703_043957,run5_day2_20260703_043957,👍🏻,👍🏻,309f927c1c7795eb79df06988bf48f8e8c627efa2f392c636fb80536166c9bd3,309f927c1c7795eb79df06988bf48f8e8c627efa2f392c636fb80536166c9bd3
Spotify,204d4ea8-ed47-4a23-9a17-ce8befdf2e5a,5,0,2026-07-02T01:08:55+00:00,9.1.58.1567,run5_day2_20260703_043957,run5_day2_20260703_043957,I Sincerely Love Spotify,I Sincerely Love Spotify,c6803d0950671ed50ba98d018415c0bc66c05a2a43ce1c40bd951df31ffe173e,c6803d0950671ed50ba98d018415c0bc66c05a2a43ce1c40bd951df31ffe173e
Spotify,cd889ac4-ed80-45b7-b703-b58452a81010,1,0,2026-07-02T01:11:34+00:00,9.1.60.1970,run5_day2_20260703_043957,run5_day2_20260703_043957,like wdym 6 skips per hour man like premium and to play like song is premium and to play without WiFi is premium I'm not paying for skipping ads repeat the music and to play like song it's too much premium and the ads are so long,like wdym 6 skips per hour man like premium and to play like song is premium and to play without WiFi is premium I'm not paying for skipping ads repeat the music and to play like song it's too much premium and the ads are so long,8ff31562cf1ae49e3dbb0f5ffde59dfd06da1860340aa05441d5faccdc03b267,8ff31562cf1ae49e3dbb0f5ffde59dfd06da1860340aa05441d5faccdc03b267
Spotify,015d2bf4-68d4-4979-b009-8741be8fb892,5,0,2026-07-02T01:13:09+00:00,9.1.52.1394,run5_day2_20260703_043957,run5_day2_20260703_043957,loved it,loved it,7da23a1fb964df37b908e057352e32fb6903cf157f70cdea4734ebca1b0ae772,7da23a1fb964df37b908e057352e32fb6903cf157f70cdea4734ebca1b0ae772
Spotify,f6156ebd-0c2c-47d9-8bd9-87dfa663f6be,1,0,2026-07-02T01:13:44+00:00,9.1.60.1970,run5_day2_20260703_043957,run5_day2_20260703_043957,premium to repeat and choose songs greed,premium to repeat and choose songs greed,9726e7d7dccd4cd091c479ed5bf560715fddac2d63f783bd25ee11c33a8e9bc8,9726e7d7dccd4cd091c479ed5bf560715fddac2d63f783bd25ee11c33a8e9bc8
Spotify,3cf3238d-38ba-4da5-a7ba-1f9ce3018e4f,2,4,2026-07-02T01:14:21+00:00,9.1.60.1970,run5_day2_20260703_043957,run5_day2_20260703_043957,"Bara för att jag spenderar en timme eller två med att bläddra igenom några album, har Spotify - tjänsten som jag betalar för ett Premium- abonnemang och konto hos - dolt och gjort det svårt att hitta musiken jag faktiskt tycker om, mina sanna långsiktiga lyssningsvanor och mina favoritartister och låtar. Spotify är djupt sammankopplat med mina lyssningsvanor, hela min musikkatalog och min data, och ändå sätter det upp barriär efter blockering gång på gång som hindrar min njutning av musik.Skäms","Bara för att jag spenderar en timme eller två med att bläddra igenom några album, har Spotify - tjänsten som jag betalar för ett Premium- abonnemang och konto hos - dolt och gjort det svårt att hitta musiken jag faktiskt tycker om, mina sanna långsiktiga lyssningsvanor och mina favoritartister och låtar. Spotify är djupt sammankopplat med mina lyssningsvanor, hela min musikkatalog och min data, och ändå sätter det upp barriär efter blockering gång på gång som hindrar min njutning av musik.Skäms",47dca75f5ff35b4ef66fa300db58d9d78316f5ca5759f5447d450a602c36bf53,47dca75f5ff35b4ef66fa300db58d9d78316f5ca5759f5447d450a602c36bf53
Spotify,a1141705-63fc-4151-9c77-ad9b49777d62,5,0,2026-07-02T01:16:30+00:00,9.1.60.1970,run5_day2_20260703_043957,run5_day2_20260703_043957,"I wish it had more control on music bar on free version. Still, it's a great app. Thank you!","I wish it had more control on music bar on free version. Still, it's a great app. Thank you!",2383b7199584efa2fe59fb9b5b32cc352de324b6f94e7e7203ab2b023c5b6ab3,2383b7199584efa2fe59fb9b5b32cc352de324b6f94e7e7203ab2b023c5b6ab3
Spotify,6a286f07-154d-4e69-9260-ca0a5107a317,5,0,2026-07-02T01:18:57+00:00,,run5_day2_20260703_043957,run5_day2_20260703_043957,"the best app to listen to song, stories, and things that could teach you different languages","the best app to listen to song, stories, and things that could teach you different languages",6d49af8dc98a6ab3914586f2aac9eaa7eee3ed584c4b8aeaa131b05feeb1a77d,6d49af8dc98a6ab3914586f2aac9eaa7eee3ed584c4b8aeaa131b05feeb1a77d
Spotify,6000a762-923f-4aab-9d76-87381a7b509c,5,0,2026-07-02T01:22:21+00:00,8.7.56.421,run5_day2_20260703_043957,run5_day2_20260703_043957,good,good,770e607624d689265ca6c44884d0807d9b054d23c473c106c72be9de08b7376c,770e607624d689265ca6c44884d0807d9b054d23c473c106c72be9de08b7376c
Spotify,4da3bbc5-7188-4638-9f98-73d86fd1c40d,1,0,2026-07-02T01:24:30+00:00,9.1.60.1970,run5_day2_20260703_043957,run5_day2_20260703_043957,man let us listen to our playlist in peace stop adding songs,man let us listen to our playlist in peace stop adding songs,100936f3eb45f9302bb693974e2485e29a3c448ab37ab0d86e00c5770ae5d6ef,100936f3eb45f9302bb693974e2485e29a3c448ab37ab0d86e00c5770ae5d6ef
Spotify,ec5faf8d-1957-43fa-9ceb-55c4c8d45316,5,0,2026-07-02T01:24:51+00:00,9.1.60.1970,run5_day2_20260703_043957,run5_day2_20260703_043957,Enjoying driving while listening 🤟,Enjoying driving while listening 🤟,dd05a7a539feb9686339fb5cbf5f7db99e399d7369d87ebd3360f22ed3817a6a,dd05a7a539feb9686339fb5cbf5f7db99e399d7369d87ebd3360f22ed3817a6a
Spotify,92dbd3a2-9d8d-484d-8de4-b661d67c9f56,5,0,2026-07-02T01:28:42+00:00,9.1.60.1970,run5_day2_20260703_043957,run5_day2_20260703_043957,wonderful music and talent!,wonderful music and talent!,24b22ed9fdb172e140eeb8b29aa110005c47c1f5b1945789e52ebc379742d6bf,24b22ed9fdb172e140eeb8b29aa110005c47c1f5b1945789e52ebc379742d6bf
Spotify,6dc17ea3-3ef5-44ab-b1b9-cf7aec384fca,1,0,2026-07-02T01:29:17+00:00,9.1.40.1486,run5_day2_20260703_043957,run5_day2_20260703_043957,This app has stopped working,This app has stopped working,1817f12721ecf8995ab936ed9fa0e36068ab9c85b3c8b58087c9e1b6f7a45282,1817f12721ecf8995ab936ed9fa0e36068ab9c85b3c8b58087c9e1b6f7a45282
Spotify,19a3c17d-4ec3-4e27-8494-e79dcd96a86e,5,0,2026-07-02T01:29:29+00:00,9.1.60.1970,run5_day2_20260703_043957,run5_day2_20260703_043957,top 5,top 5,3a861be8ee7dd5724e2c38ccb6168aa8c95d28be315c83b3dd97599531e8a881,3a861be8ee7dd5724e2c38ccb6168aa8c95d28be315c83b3dd97599531e8a881
Spotify,95b82972-a790-4f34-ae09-077b6cb1f0ce,1,0,2026-07-02T01:29:35+00:00,9.1.60.1970,run5_day2_20260703_043957,run5_day2_20260703_043957,"It's seriously ridiculous limiting skips and song selection to just a few per day, just to put unlimited behind a pay wall, on mobile. Those functions aren't worth a subscription when i can listen on my PC without those limitations. also, I don't like that Spotify continues showing me ads that I've downvoted/disliked. It just shows that Downvoting/Disliking is an illusion of choice.","It's seriously ridiculous limiting skips and song selection to just a few per day, just to put unlimited behind a pay wall, on mobile. Those functions aren't worth a subscription when i can listen on my PC without those limitations. also, I don't like that Spotify continues showing me ads that I've downvoted/disliked. It just shows that Downvoting/Disliking is an illusion of choice.",10980f47db13227982db99ff3edcc90119841ee170aab933d80681e66a1587e1,10980f47db13227982db99ff3edcc90119841ee170aab933d80681e66a1587e1
